MONTHS WORKED;WEEKLY HOURS WORKED;SALARY;SEX;AGE;OCCUPATION;VALUE OF THE HOUR
12;35;600000.0;M;51;arriero;3950.0
12;32;250000.0;F;15;arriero;1800.1
12;60;1000000.0;M;6;arriero;3840.2
12;50;1000000.0;M;50;arriero;4608.3
12;48;1160000.0;F;5;arriero;5568.4
12;54;1150000.0;F;62;arriero;4907.0
8;54;800000.0;F;27;arriero;3413.6
12;40;900000.0;M;35;arriero;5184.3
12;40;580000.0;M;34;arriero;3341.0
12;50;800000.0;F;50;arriero;3686.6
12;50;900000.0;M;49;arriero;4147.5
12;40;320000.0;F;50;arriero;1843.3
12;42;200000.0;F;28;arriero;1097.2
12;28;650000.0;M;65;arriero;5348.9
12;15;150000.0;M;54;arriero;2304.1
12;48;1160000.0;F;55;arriero;5568.4
12;42;750000.0;F;50;arriero;4114.5
12;20;500000.0;F;53;arriero;5760.4
12;50;400000.0;F;88;arriero;1843.3
12;70;1420000.0;F;9;arriero;4674.1
12;72;1650000.0;F;13;arriero;5280.3
12;50;1230000.0;F;23;arriero;5668.2
12;48;1150000.0;M;50;arriero;5520.4
12;40;900000.0;M;38;arriero;5184.3
12;48;900000.0;M;29;arriero;4320.3
12;15;50000.0;F;62;arriero;768.0
12;28;200000.0;F;56;arriero;1645.8
12;40;300000.0;M;12;arriero;1728.1
12;48;1360000.0;F;55;arriero;6528.4
12;48;2000000.0;F;22;arriero;9600.6
12;50;500000.0;F;53;arriero;2304.1
8;30;400000.0;F;28;arriero;3072.2
12;50;1000000.0;F;23;arriero;4608.3
9;48;1160000.0;M;50;arriero;5568.4
12;48;1520000.0;F;53;arriero;7296.5
12;48;1210000.0;F;24;arriero;5808.4
12;40;350000.0;F;14;arriero;2016.1
12;40;400000.0;M;10;arriero;2304.1
12;48;1330000.0;F;16;arriero;6384.4
12;56;1260000.0;M;51;arriero;5184.3
12;54;1340000.0;M;24;arriero;5717.7
12;70;800000.0;F;9;arriero;2633.3
10;50;1000000.0;F;80;arriero;4608.3
12;30;260000.0;F;40;arriero;1996.9
12;34;300000.0;F;41;arriero;2033.1
12;32;300000.0;M;9;arriero;2160.1
12;70;980000.0;M;37;arriero;3225.8
12;60;1160000.0;F;20;arriero;4454.7
12;40;580000.0;F;5;arriero;3341.0
12;48;840000.0;F;60;arriero;4032.3
12;42;1310000.0;M;86;arriero;7186.7
12;14;100000.0;M;82;arriero;1645.8
12;21;360000.0;F;70;arriero;3950.0
12;55;1050000.0;F;54;arriero;4398.8
12;55;1200000.0;F;69;arriero;5027.2
12;40;800000.0;F;28;arriero;4608.3
12;16;114000.0;F;48;arriero;1641.7
12;36;950000.0;M;11;arriero;6080.4
12;48;930000.0;M;39;arriero;4464.3
12;40;500000.0;F;16;arriero;2880.2
12;48;840000.0;M;25;arriero;4032.3
12;48;2100000.0;F;21;arriero;10080.6
12;70;1200000.0;M;37;arriero;3950.0
12;50;1000000.0;F;50;arriero;4608.3
12;50;800000.0;M;36;arriero;3686.6
12;48;1450000.0;M;32;arriero;6960.4
12;48;1060000.0;M;22;arriero;5088.3
12;48;960000.0;M;31;arriero;4608.3
12;49;650000.0;F;47;arriero;3056.5
10;28;500000.0;F;39;arriero;4114.5
12;48;800000.0;M;6;arriero;3840.2
12;48;800000.0;F;43;arriero;3840.2
12;42;300000.0;F;40;arriero;1645.8
12;20;300000.0;M;24;arriero;3456.2
12;48;1500000.0;F;29;arriero;7200.5
12;40;900000.0;F;30;arriero;5184.3
12;49;1300000.0;M;26;arriero;6113.0
12;49;1200000.0;F;74;arriero;5642.8
12;50;1400000.0;F;16;arriero;6451.6
5;24;300000.0;F;76;arriero;2880.2
12;56;1450000.0;F;64;arriero;5966.1
12;54;2300000.0;M;27;arriero;9814.0
12;24;350000.0;F;55;arriero;3360.2
12;24;400000.0;M;29;arriero;3840.2
12;44;1500000.0;M;5;arriero;7855.0
12;48;1160000.0;F;25;arriero;5568.4
12;40;750000.0;F;79;arriero;4320.3
11;24;480000.0;F;54;arriero;4608.3
12;50;650000.0;M;13;arriero;2995.4
7;50;1160000.0;F;80;arriero;5345.6
12;48;1160000.0;F;44;arriero;5568.4
12;48;1150000.0;F;17;arriero;5520.4
12;70;1750000.0;F;36;arriero;5760.4
12;48;1200000.0;F;25;arriero;5760.4
12;48;1800000.0;M;80;arriero;8640.6
12;48;620000.0;M;14;arriero;2976.2
12;48;720000.0;M;59;arriero;3456.2
12;40;480000.0;F;47;arriero;2765.0
12;48;480000.0;M;15;arriero;2304.1
12;40;300000.0;M;12;arriero;1728.1
12;44;1050000.0;F;32;arriero;5498.5
7;56;800000.0;M;5;arriero;3291.6
12;40;400000.0;M;19;arriero;2304.1
12;56;1460000.0;M;28;arriero;6007.2
12;40;1950000.0;F;7;arriero;11232.7
12;48;1200000.0;F;64;arriero;5760.4
12;50;1200000.0;F;28;arriero;5530.0
12;45;1500000.0;M;35;arriero;7680.5
12;60;1200000.0;M;8;arriero;4608.3
12;55;1200000.0;F;53;arriero;5027.2
12;50;1560000.0;M;23;arriero;7188.9
1;24;1500000.0;M;17;arriero;14400.9
12;24;950000.0;F;44;arriero;9120.6
12;40;950000.0;F;29;arriero;5472.4
12;40;900000.0;F;7;arriero;5184.3
12;50;1160000.0;F;8;arriero;5345.6
8;48;200000.0;F;57;arriero;960.1
12;54;180000.0;M;19;arriero;768.0
8;20;160000.0;F;12;cocinero;1843.3
12;30;450000.0;M;29;cocinero;3456.2
12;10;100000.0;F;45;cocinero;2304.1
2;60;1500000.0;F;70;cocinero;5760.4
12;48;1160000.0;M;5;cocinero;5568.4
4;40;800000.0;F;50;cocinero;4608.3
12;40;800000.0;F;10;cocinero;4608.3
12;56;800000.0;F;61;cocinero;3291.6
12;32;160000.0;F;63;cocinero;1152.1
11;48;2000000.0;M;17;cocinero;9600.6
12;60;750000.0;M;47;cocinero;2880.2
12;15;200000.0;M;6;cocinero;3072.2
12;48;1000000.0;F;58;cocinero;4800.3
12;46;150000.0;F;14;cocinero;751.4
12;56;1206000.0;M;52;cocinero;4962.1
10;77;800000.0;M;61;cocinero;2393.9
12;60;800000.0;F;51;cocinero;3072.2
11;28;300000.0;F;66;cocinero;2468.7
12;60;1080000.0;F;9;cocinero;4147.5
8;50;800000.0;F;27;cocinero;3686.6
12;48;1160000.0;M;16;cocinero;5568.4
12;72;1448000.0;M;58;cocinero;4633.9
11;54;940000.0;M;22;cocinero;4010.9
12;30;150000.0;F;31;cocinero;1152.1
12;48;1160000.0;M;58;cocinero;5568.4
12;48;1160000.0;M;53;cocinero;5568.4
12;24;800000.0;M;50;cocinero;7680.5
12;72;1000000.0;F;21;cocinero;3200.2
12;48;1100000.0;F;42;cocinero;5280.3
12;48;600000.0;M;23;cocinero;2880.2
12;48;960000.0;M;59;cocinero;4608.3
12;56;1040000.0;M;51;cocinero;4279.1
6;9;250000.0;F;63;cocinero;6400.4
12;30;150000.0;M;20;cocinero;1152.1
12;30;200000.0;F;44;cocinero;1536.1
12;10;100000.0;F;80;cocinero;2304.1
1;60;700000.0;M;19;cocinero;2688.2
9;50;800000.0;M;28;cocinero;3686.6
12;48;1950000.0;F;21;cocinero;9360.6
12;60;1400000.0;F;32;cocinero;5376.3
12;98;1000000.0;F;13;cocinero;2351.2
12;50;1000000.0;F;26;cocinero;4608.3
2;36;300000.0;M;12;cocinero;1920.1
12;48;1660000.0;M;26;cocinero;7968.5
12;66;1360000.0;M;40;cocinero;4747.9
12;48;1540000.0;M;14;cocinero;7392.5
12;48;1600000.0;M;12;cocinero;7680.5
12;48;1500000.0;F;88;cocinero;7200.5
12;25;100000.0;M;75;cocinero;921.7
12;20;420000.0;M;37;cocinero;4838.7
12;45;800000.0;M;34;cocinero;4096.3
12;48;200000.0;F;27;cocinero;960.1
8;16;240000.0;M;24;cocinero;3456.2
12;48;1000000.0;F;39;cocinero;4800.3
12;24;300000.0;F;40;cocinero;2880.2
12;21;500000.0;M;32;cocinero;5486.1
5;84;1000000.0;F;34;cocinero;2743.0
12;48;900000.0;F;59;cocinero;4320.3
4;50;800000.0;F;70;cocinero;3686.6
12;48;1150000.0;M;11;cocinero;5520.4
12;40;300000.0;F;88;cocinero;1728.1
12;105;1800000.0;F;33;cocinero;3950.0
12;54;600000.0;F;50;cocinero;2560.2
12;48;1400000.0;M;39;cocinero;6720.4
3;42;1000000.0;F;34;cocinero;5486.1
12;60;850000.0;F;45;cocinero;3264.2
12;60;900000.0;M;14;cocinero;3456.2
12;48;1360000.0;M;29;cocinero;6528.4
1;30;30000.0;M;90;cocinero;230.4
12;40;700000.0;M;69;cocinero;4032.3
12;40;1100000.0;F;67;cocinero;6336.4
12;24;400000.0;F;9;cocinero;3840.2
3;48;700000.0;F;69;cocinero;3360.2
8;8;40000.0;M;40;cocinero;1152.1
8;48;920000.0;F;9;cocinero;4416.3
12;30;600000.0;M;30;cocinero;4608.3
12;36;950000.0;F;60;cocinero;6080.4
12;48;300000.0;F;25;cocinero;1440.1
12;60;1500000.0;M;88;cocinero;5760.4
12;48;1160000.0;F;60;cocinero;5568.4
3;48;1300000.0;M;37;cocinero;6240.4
12;60;920000.0;F;9;cocinero;3533.0
12;48;1380000.0;F;32;cocinero;6624.4
12;48;2050000.0;M;22;cocinero;9840.6
12;56;1440000.0;F;68;cocinero;5925.0
12;20;150000.0;F;31;cocinero;1728.1
12;30;380000.0;M;39;cocinero;2918.6
3;70;50000.0;F;13;cocinero;164.6
12;48;450000.0;F;32;cocinero;2160.1
1;54;1000000.0;F;12;cocinero;4266.9
12;60;1400000.0;M;8;cocinero;5376.3
12;54;750000.0;M;5;cocinero;3200.2
12;40;700000.0;F;17;cocinero;4032.3
4;24;450000.0;M;35;cocinero;4320.3
12;54;1200000.0;M;25;cocinero;5120.3
12;48;1150000.0;F;15;cocinero;5520.4
12;45;1000000.0;M;43;cocinero;5120.3
12;40;1200000.0;M;12;cocinero;6912.4
4;50;500000.0;M;19;cocinero;2304.1
2;25;150000.0;M;39;cocinero;1382.5
2;8;120000.0;M;62;cocinero;3456.2
12;45;840000.0;M;35;cocinero;4301.1
10;20;200000.0;M;37;cocinero;2304.1
1;48;800000.0;F;63;cocinero;3840.2
12;60;960000.0;M;76;cocinero;3686.6
8;48;1160000.0;M;13;cocinero;5568.4
12;24;300000.0;F;38;cocinero;2880.2
12;8;640000.0;M;19;cocinero;18433.2
1;50;1000000.0;F;11;cocinero;4608.3
8;60;1560000.0;F;44;cocinero;5990.8
12;48;1160000.0;M;40;cocinero;5568.4
12;48;960000.0;F;25;cocinero;4608.3
12;14;200000.0;F;5;cocinero;3291.6
3;16;200000.0;M;55;cocinero;2880.2
12;48;1000000.0;F;25;cocinero;4800.3
12;20;500000.0;F;59;cocinero;5760.4
12;24;400000.0;M;8;cocinero;3840.2
8;54;1080000.0;F;35;cocinero;4608.3
12;19;200000.0;M;24;cocinero;2425.4
12;48;430000.0;F;51;cocinero;2064.1
12;48;1160000.0;M;71;cocinero;5568.4
12;12;380000.0;M;31;cocinero;7296.5
12;40;800000.0;F;12;cocinero;4608.3
12;48;1300000.0;M;15;cocinero;6240.4
12;24;600000.0;F;54;cocinero;5760.4
12;60;770000.0;F;12;cocinero;2957.0
12;54;1190000.0;M;16;cocinero;5077.7
12;70;25000.0;F;10;cocinero;82.3
12;35;400000.0;M;24;cocinero;2633.3
12;60;1480000.0;M;28;cocinero;5683.6
12;48;1410000.0;F;60;cocinero;6768.4
12;48;1160000.0;M;39;cocinero;5568.4
12;48;1300000.0;M;9;cocinero;6240.4
12;40;600000.0;F;32;cocinero;3456.2
12;42;650000.0;M;41;cocinero;3565.9
5;50;230000.0;M;60;cocinero;1059.9
12;48;1160000.0;F;48;cocinero;5568.4
12;40;400000.0;F;24;cocinero;2304.1
12;20;300000.0;M;30;cocinero;3456.2
12;48;1200000.0;M;39;cocinero;5760.4
11;48;1350000.0;M;46;cocinero;6480.4
12;48;1300000.0;M;85;cocinero;6240.4
12;48;600000.0;M;11;cocinero;2880.2
12;48;1160000.0;F;9;cocinero;5568.4
12;60;1400000.0;M;10;cocinero;5376.3
12;15;420000.0;M;17;cocinero;6451.6
12;48;1160000.0;F;7;cocinero;5568.4
12;48;600000.0;F;62;cocinero;2880.2
12;16;100000.0;F;18;cocinero;1440.1
12;36;1300000.0;F;65;cocinero;8320.5
12;20;200000.0;M;74;cocinero;2304.1
12;40;800000.0;M;57;cocinero;4608.3
12;40;600000.0;M;42;cocinero;3456.2
8;38;300000.0;M;82;cocinero;1819.1
12;36;450000.0;F;23;cocinero;2880.2
12;40;300000.0;M;65;cocinero;1728.1
1;12;300000.0;F;40;cocinero;5760.4
12;40;600000.0;M;77;cocinero;3456.2
12;60;750000.0;M;51;cocinero;2880.2
5;48;600000.0;M;17;cocinero;2880.2
12;30;800000.0;F;90;cocinero;6144.4
6;12;380000.0;M;32;cocinero;7296.5
12;50;1400000.0;F;16;cocinero;6451.6
12;72;1160000.0;M;70;cocinero;3712.2
12;60;1200000.0;M;38;cocinero;4608.3
12;24;25000.0;F;58;cocinero;240.0
11;40;150000.0;F;60;cocinero;864.1
12;48;1500000.0;M;14;cocinero;7200.5
12;70;900000.0;M;9;cocinero;2962.5
12;24;800000.0;M;66;cocinero;7680.5
12;48;840000.0;F;31;cocinero;4032.3
12;40;1100000.0;M;37;cocinero;6336.4
12;70;300000.0;M;34;cocinero;987.5
8;40;690000.0;F;62;cocinero;3974.7
12;56;1100000.0;F;35;cocinero;4526.0
12;66;1460000.0;F;22;cocinero;5097.1
12;55;890000.0;F;28;cocinero;3728.5
12;54;1600000.0;M;45;cocinero;6827.1
10;70;1260000.0;F;35;cocinero;4147.5
12;56;1450000.0;M;32;cocinero;5966.1
12;42;280000.0;F;34;cocinero;1536.1
12;30;450000.0;M;10;cocinero;3456.2
12;48;1450000.0;F;27;cocinero;6960.4
12;48;1160000.0;F;14;cocinero;5568.4
12;20;400000.0;F;17;cocinero;4608.3
10;48;1000000.0;M;30;cocinero;4800.3
12;20;250000.0;F;13;cocinero;2880.2
12;48;1200000.0;M;29;cocinero;5760.4
12;40;300000.0;M;69;cocinero;1728.1
8;30;100000.0;F;68;cocinero;768.0
12;70;1160000.0;M;24;cocinero;3818.3
12;25;100000.0;F;22;cocinero;921.7
12;48;1116000.0;F;58;cocinero;5357.1
12;48;1610000.0;F;74;cocinero;7728.5
12;48;1160000.0;M;70;cocinero;5568.4
12;48;1450000.0;F;70;cocinero;6960.4
12;30;1100000.0;M;16;cocinero;8448.5
11;48;1350000.0;F;12;cocinero;6480.4
12;60;2450000.0;F;58;cocinero;9408.6
12;36;2550000.0;M;14;cocinero;16321.0
12;48;1610000.0;F;20;cocinero;7728.5
5;10;70000.0;M;70;cocinero;1612.9
2;40;1000000.0;F;36;cocinero;5760.4
12;24;1190000.0;M;77;cocinero;11424.7
10;20;550000.0;F;34;cocinero;6336.4
7;40;800000.0;F;81;cocinero;4608.3
4;48;960000.0;M;11;cocinero;4608.3
12;40;1200000.0;M;29;cocinero;6912.4
12;40;700000.0;F;39;cocinero;4032.3
12;70;3600000.0;F;59;cocinero;11849.9
12;40;1000000.0;F;32;cocinero;5760.4
12;50;1000000.0;M;76;cocinero;4608.3
5;48;400000.0;F;21;cocinero;1920.1
10;24;450000.0;F;64;cocinero;4320.3
12;70;900000.0;M;61;cocinero;2962.5
12;70;800000.0;M;42;cocinero;2633.3
12;42;200000.0;F;54;cocinero;1097.2
12;78;600000.0;M;38;cocinero;1772.4
1;12;260000.0;M;83;cocinero;4992.3
12;48;700000.0;F;53;cocinero;3360.2
12;48;1450000.0;F;70;cocinero;6960.4
12;55;1400000.0;M;14;cocinero;5865.1
4;50;1500000.0;F;6;cocinero;6912.4
8;48;1200000.0;F;13;cocinero;5760.4
12;40;1020000.0;M;56;cocinero;5875.6
12;40;1320000.0;F;29;cocinero;7603.7
4;28;740000.0;F;12;cocinero;6089.5
6;42;720000.0;M;16;cocinero;3950.0
12;7;80000.0;F;50;cocinero;2633.3
12;50;1300000.0;F;39;cocinero;5990.8
12;48;1000000.0;F;43;cocinero;4800.3
12;48;600000.0;M;61;cocinero;2880.2
12;40;1000000.0;M;56;cocinero;5760.4
12;30;120000.0;F;21;cocinero;921.7
3;21;80000.0;M;59;cocinero;877.8
12;36;650000.0;F;6;cocinero;4160.3
12;50;800000.0;M;36;cocinero;3686.6
12;48;2500000.0;F;36;cocinero;12000.8
12;60;1300000.0;F;66;cocinero;4992.3
3;60;1460000.0;F;47;cocinero;5606.8
12;48;280000.0;M;6;cocinero;1344.1
12;48;900000.0;F;33;cocinero;4320.3
12;40;100000.0;M;86;cocinero;576.0
1;25;1200000.0;F;15;cocinero;11059.9
12;24;1000000.0;M;45;cocinero;9600.6
12;30;985000.0;M;37;cocinero;7565.3
12;48;1710000.0;F;46;cocinero;8208.5
8;72;1095000.0;F;17;cocinero;3504.2
12;35;530000.0;M;56;cocinero;3489.1
12;48;1300000.0;F;43;cocinero;6240.4
12;48;1300000.0;F;15;cocinero;6240.4
12;48;510000.0;F;60;cocinero;2448.2
12;48;1160000.0;F;61;cocinero;5568.4
12;48;1160000.0;M;86;cocinero;5568.4
12;48;1200000.0;M;68;cocinero;5760.4
6;70;680000.0;M;40;cocinero;2238.3
12;44;780000.0;F;75;cocinero;4084.6
12;24;550000.0;F;38;cocinero;5280.3
6;40;500000.0;M;50;cocinero;2880.2
12;42;300000.0;M;9;cocinero;1645.8
3;32;480000.0;M;35;cocinero;3456.2
12;24;100000.0;M;29;cocinero;960.1
12;40;1000000.0;M;12;cocinero;5760.4
5;48;800000.0;F;15;cocinero;3840.2
12;40;800000.0;F;6;cocinero;4608.3
12;45;540000.0;M;34;cocinero;2765.0
7;40;820000.0;M;62;cocinero;4723.5
2;8;70000.0;M;18;cocinero;2016.1
12;36;1000000.0;M;13;cocinero;6400.4
12;36;1000000.0;F;7;cocinero;6400.4
12;42;300000.0;M;53;cocinero;1645.8
12;28;300000.0;M;66;cocinero;2468.7
8;42;250000.0;M;22;cocinero;1371.5
7;45;210000.0;M;48;cocinero;1075.3
12;35;60000.0;M;63;cocinero;395.0
4;16;264000.0;F;15;cocinero;3801.8
12;70;1340000.0;F;22;cocinero;4410.8
12;18;966000.0;F;38;cocinero;12365.6
12;84;1210000.0;M;45;cocinero;3319.1
12;45;700000.0;F;35;cocinero;3584.2
12;48;400000.0;M;36;cocinero;1920.1
11;56;1150000.0;M;38;cocinero;4731.7
12;60;1600000.0;M;59;cocinero;6144.4
12;48;300000.0;M;31;cocinero;1440.1
12;12;800000.0;F;26;cocinero;15361.0
12;45;300000.0;F;31;cocinero;1536.1
10;50;900000.0;F;6;cocinero;4147.5
12;48;1300000.0;F;54;cocinero;6240.4
12;6;96000.0;M;46;cocinero;3686.6
12;42;840000.0;M;29;cocinero;4608.3
12;24;600000.0;F;85;cocinero;5760.4
12;70;450000.0;M;46;cocinero;1481.2
12;48;480000.0;F;26;cocinero;2304.1
12;30;400000.0;F;17;cocinero;3072.2
12;28;20000.0;M;78;cocinero;164.6
12;40;800000.0;F;6;cocinero;4608.3
12;20;200000.0;M;31;cocinero;2304.1
12;56;700000.0;M;20;cocinero;2880.2
4;54;1000000.0;F;48;cocinero;4266.9
1;30;388000.0;F;34;cocinero;2980.0
12;40;400000.0;M;16;cocinero;2304.1
12;48;1200000.0;F;71;cocinero;5760.4
12;48;1440000.0;F;26;cocinero;6912.4
12;48;1650000.0;F;53;cocinero;7920.5
12;40;500000.0;M;39;cocinero;2880.2
1;30;470000.0;M;23;cocinero;3609.8
12;40;950000.0;M;6;cocinero;5472.4
12;60;900000.0;F;57;cocinero;3456.2
12;15;440000.0;M;81;cocinero;6758.8
12;30;400000.0;M;30;cocinero;3072.2
12;48;1300000.0;F;11;cocinero;6240.4
12;50;1160000.0;F;45;cocinero;5345.6
12;60;1160000.0;F;38;cocinero;4454.7
12;70;300000.0;M;47;cocinero;987.5
12;48;1160000.0;F;40;cocinero;5568.4
12;48;2800000.0;F;35;cocinero;13440.9
12;60;300000.0;F;48;cocinero;1152.1
4;60;720000.0;F;14;cocinero;2765.0
12;28;700000.0;F;62;cocinero;5760.4
12;70;1960000.0;M;6;cocinero;6451.6
12;48;400000.0;F;33;cocinero;1920.1
12;21;250000.0;F;14;cocinero;2743.0
12;16;200000.0;F;19;cocinero;2880.2
12;48;900000.0;F;71;cocinero;4320.3
12;48;370000.0;F;9;cocinero;1776.1
12;48;800000.0;F;14;cocinero;3840.2
3;48;700000.0;M;8;cocinero;3360.2
7;48;600000.0;M;40;cocinero;2880.2
12;30;180000.0;M;76;cocinero;1382.5
12;40;280000.0;F;75;cocinero;1612.9
12;35;1000000.0;F;43;cocinero;6583.3
11;40;1000000.0;F;40;cocinero;5760.4
12;8;260000.0;M;21;cocinero;7488.5
12;56;1050000.0;F;40;cocinero;4320.3
12;54;1050000.0;M;26;cocinero;4480.3
5;60;2080000.0;M;23;cocinero;7987.7
10;48;1160000.0;M;28;cocinero;5568.4
3;44;288000.0;M;24;cocinero;1508.2
12;15;200000.0;F;12;cocinero;3072.2
12;66;1560000.0;F;72;cocinero;5446.2
12;50;1240000.0;M;5;cocinero;5714.3
12;48;840000.0;M;12;cocinero;4032.3
12;4;300000.0;F;50;cocinero;17281.1
12;38;540000.0;M;53;cocinero;3274.3
1;30;400000.0;F;53;cocinero;3072.2
11;48;1000000.0;M;20;cocinero;4800.3
12;40;340000.0;F;20;cocinero;1958.5
12;30;700000.0;F;17;cocinero;5376.3
12;60;1200000.0;F;22;cocinero;4608.3
10;48;1160000.0;F;46;cocinero;5568.4
1;30;460000.0;F;13;cocinero;3533.0
12;30;100000.0;F;42;cocinero;768.0
12;10;200000.0;F;49;cocinero;4608.3
2;30;600000.0;M;50;cocinero;4608.3
12;24;1200000.0;M;15;cocinero;11520.7
12;50;900000.0;F;32;cocinero;4147.5
10;32;450000.0;F;19;cocinero;3240.2
1;30;100000.0;F;48;cocinero;768.0
12;48;920000.0;M;40;cocinero;4416.3
12;56;600000.0;M;23;cocinero;2468.7
12;20;80000.0;M;29;cocinero;921.7
12;25;325000.0;M;24;cocinero;2995.4
12;20;350000.0;F;80;cocinero;4032.3
12;40;780000.0;M;49;cocinero;4493.1
8;50;1100000.0;F;79;cocinero;5069.1
12;48;1650000.0;M;64;cocinero;7920.5
12;48;300000.0;F;6;cocinero;1440.1
12;30;800000.0;M;17;cocinero;6144.4
12;40;640000.0;F;39;cocinero;3686.6
6;30;240000.0;F;14;cocinero;1843.3
12;48;640000.0;M;21;cocinero;3072.2
12;20;520000.0;M;30;cocinero;5990.8
12;48;1700000.0;F;32;cocinero;8160.5
12;48;900000.0;F;62;cocinero;4320.3
12;60;1000000.0;M;23;cocinero;3840.2
12;48;650000.0;F;81;cocinero;3120.2
12;6;660000.0;F;62;cocinero;25345.6
6;18;780000.0;F;6;cocinero;9984.6
12;30;444000.0;M;44;cocinero;3410.1
12;40;600000.0;F;17;cocinero;3456.2
12;48;300000.0;F;37;cocinero;1440.1
1;15;50000.0;M;57;cocinero;768.0
9;48;1160000.0;M;66;cocinero;5568.4
1;42;1370000.0;F;19;cocinero;7515.9
10;72;600000.0;F;58;cocinero;1920.1
12;60;1300000.0;F;55;cocinero;4992.3
12;60;1200000.0;F;33;cocinero;4608.3
9;18;562000.0;M;11;cocinero;7194.1
12;30;700000.0;F;66;cocinero;5376.3
11;72;920000.0;F;60;cocinero;2944.2
12;24;520000.0;M;5;cocinero;4992.3
6;24;700000.0;M;7;cocinero;6720.4
12;40;1960000.0;F;65;cocinero;11290.3
12;10;100000.0;M;43;cocinero;2304.1
8;24;560000.0;M;48;cocinero;5376.3
12;54;1392000.0;M;6;cocinero;5939.6
12;48;2000000.0;F;31;cocinero;9600.6
12;56;1160000.0;F;13;cocinero;4772.9
5;30;650000.0;F;31;cocinero;4992.3
12;40;800000.0;F;25;cocinero;4608.3
12;60;1460000.0;F;49;cocinero;5606.8
12;48;1200000.0;M;10;cocinero;5760.4
12;48;1160000.0;M;30;almacenista;5568.4
12;48;1100000.0;M;55;almacenista;5280.3
12;48;1300000.0;F;52;almacenista;6240.4
12;48;1160000.0;M;54;almacenista;5568.4
12;70;1200000.0;F;32;almacenista;3950.0
12;48;1200000.0;M;68;almacenista;5760.4
6;48;1160000.0;F;25;almacenista;5568.4
12;48;1200000.0;F;41;almacenista;5760.4
12;56;1700000.0;F;36;almacenista;6994.7
12;48;1300000.0;F;82;almacenista;6240.4
12;60;1200000.0;F;19;almacenista;4608.3
12;48;1800000.0;M;43;almacenista;8640.6
12;48;1500000.0;F;67;almacenista;7200.5
2;48;1400000.0;F;19;almacenista;6720.4
12;48;1800000.0;M;49;almacenista;8640.6
12;60;1160000.0;F;77;almacenista;4454.7
10;48;2160000.0;F;94;almacenista;10368.7
12;60;1118000.0;F;11;almacenista;4293.4
8;48;1160000.0;F;47;almacenista;5568.4
12;48;1000000.0;F;47;almacenista;4800.3
12;48;1160000.0;M;24;almacenista;5568.4
12;48;1600000.0;F;25;almacenista;7680.5
12;40;2600000.0;F;36;almacenista;14977.0
11;60;1160000.0;F;29;almacenista;4454.7
12;50;1500000.0;F;67;almacenista;6912.4
12;84;3000000.0;F;52;almacenista;8229.1
12;50;1160000.0;M;20;almacenista;5345.6
12;48;1700000.0;M;26;almacenista;8160.5
12;48;1600000.0;F;11;almacenista;7680.5
12;48;1160000.0;F;10;almacenista;5568.4
12;48;2250000.0;F;60;almacenista;10800.7
12;78;1000000.0;F;17;almacenista;2954.0
12;48;1500000.0;M;9;almacenista;7200.5
12;48;1450000.0;M;15;almacenista;6960.4
7;24;400000.0;F;10;almacenista;3840.2
12;60;900000.0;F;28;almacenista;3456.2
12;48;900000.0;F;25;almacenista;4320.3
12;60;1160000.0;F;15;almacenista;4454.7
12;48;1160000.0;M;69;almacenista;5568.4
12;48;1500000.0;M;14;almacenista;7200.5
12;35;1800000.0;F;55;almacenista;11849.9
12;48;1300600.0;F;26;almacenista;6243.3
12;48;1200000.0;M;11;almacenista;5760.4
12;48;1000000.0;F;37;almacenista;4800.3
6;60;625000.0;F;26;almacenista;2400.2
10;56;1160000.0;M;33;almacenista;4772.9
7;48;1160000.0;F;33;almacenista;5568.4
10;56;1160000.0;M;11;almacenista;4772.9
12;48;1200000.0;F;78;almacenista;5760.4
12;48;1000000.0;F;24;almacenista;4800.3
12;54;1200000.0;M;35;almacenista;5120.3
12;48;1300000.0;M;39;almacenista;6240.4
12;48;1000000.0;F;61;almacenista;4800.3
12;40;2400000.0;F;56;almacenista;13824.9
12;48;1600000.0;F;8;almacenista;7680.5
12;48;1400000.0;M;39;almacenista;6720.4
12;48;1000000.0;M;69;almacenista;4800.3
12;48;1000000.0;F;65;almacenista;4800.3
1;48;1000000.0;F;40;almacenista;4800.3
7;72;1016000.0;M;81;almacenista;3251.4
12;48;1160000.0;F;58;almacenista;5568.4
12;48;1300000.0;F;19;almacenista;6240.4
12;48;1400000.0;F;26;almacenista;6720.4
11;56;1160000.0;F;73;almacenista;4772.9
12;48;1300000.0;F;65;almacenista;6240.4
12;20;325000.0;M;25;almacenista;3744.2
12;55;1325000.0;F;21;almacenista;5550.9
12;48;1300000.0;M;70;almacenista;6240.4
12;50;1200000.0;F;30;almacenista;5530.0
12;48;1500000.0;F;74;almacenista;7200.5
12;36;2800000.0;F;56;almacenista;17921.1
4;48;1300000.0;F;71;almacenista;6240.4
12;48;1300000.0;F;16;almacenista;6240.4
12;60;1600000.0;F;49;almacenista;6144.4
12;48;1000000.0;M;17;almacenista;4800.3
12;48;2000000.0;F;32;almacenista;9600.6
12;40;4000000.0;M;43;almacenista;23041.5
12;50;1250000.0;F;6;almacenista;5760.4
12;48;1160000.0;F;56;almacenista;5568.4
9;48;1160000.0;F;66;almacenista;5568.4
12;48;1000000.0;M;38;almacenista;4800.3
12;48;1160000.0;F;8;almacenista;5568.4
12;62;1160000.0;F;19;almacenista;4311.0
11;48;1160000.0;F;23;almacenista;5568.4
12;48;1400000.0;F;35;almacenista;6720.4
12;48;1160000.0;M;31;almacenista;5568.4
12;48;1160000.0;M;31;almacenista;5568.4
12;48;1300000.0;F;22;almacenista;6240.4
12;48;1260000.0;M;42;almacenista;6048.4
12;48;1160000.0;F;32;almacenista;5568.4
12;48;2500000.0;F;9;almacenista;12000.8
12;48;1160000.0;M;23;almacenista;5568.4
12;48;1160000.0;F;17;almacenista;5568.4
12;48;1160000.0;M;69;almacenista;5568.4
12;48;1160000.0;M;29;almacenista;5568.4
12;72;1600000.0;F;39;almacenista;5120.3
12;48;1100000.0;M;16;almacenista;5280.3
12;48;1200000.0;M;65;almacenista;5760.4
12;48;1160000.0;F;50;almacenista;5568.4
12;48;1200000.0;F;57;almacenista;5760.4
12;48;1500000.0;F;40;almacenista;7200.5
12;48;1200000.0;M;22;almacenista;5760.4
12;48;1500000.0;M;64;almacenista;7200.5
12;48;1300000.0;F;37;almacenista;6240.4
12;48;1160000.0;F;38;almacenista;5568.4
12;48;1160000.0;F;64;almacenista;5568.4
12;48;1232000.0;F;30;almacenista;5914.0
11;48;1160000.0;M;30;almacenista;5568.4
12;48;900000.0;F;56;almacenista;4320.3
12;52;1160000.0;F;28;almacenista;5140.0
12;40;2200000.0;M;15;almacenista;12672.8
12;70;1100000.0;M;37;almacenista;3620.8
6;48;1160000.0;M;9;almacenista;5568.4
12;48;1300000.0;M;19;almacenista;6240.4
8;48;1160000.0;F;47;almacenista;5568.4
12;48;1160000.0;F;44;almacenista;5568.4
12;48;1600000.0;F;43;almacenista;7680.5
12;40;2000000.0;F;35;almacenista;11520.7
12;48;900000.0;F;18;almacenista;4320.3
12;48;2600000.0;F;46;almacenista;12480.8
12;48;1160000.0;M;33;almacenista;5568.4
12;40;4000000.0;M;18;almacenista;23041.5
12;48;1600000.0;F;13;almacenista;7680.5
12;60;1160000.0;M;18;almacenista;4454.7
12;48;1300000.0;F;8;almacenista;6240.4
11;48;1800000.0;F;9;almacenista;8640.6
12;40;1000000.0;M;35;almacenista;5760.4
12;50;1500000.0;M;53;almacenista;6912.4
12;48;1160000.0;F;13;almacenista;5568.4
12;48;1450000.0;F;23;almacenista;6960.4
7;48;4000000.0;F;16;almacenista;19201.2
8;56;1400000.0;F;22;almacenista;5760.4
12;62;1200000.0;F;45;almacenista;4459.6
12;48;7200000.0;F;17;almacenista;34562.2
12;48;1160000.0;F;38;almacenista;5568.4
8;36;450000.0;M;47;almacenista;2880.2
12;48;1160000.0;F;41;almacenista;5568.4
8;48;1160000.0;M;55;almacenista;5568.4
12;48;1350000.0;F;77;almacenista;6480.4
12;48;1450000.0;F;8;almacenista;6960.4
12;48;1366200.0;F;18;almacenista;6558.2
12;48;1520000.0;M;31;almacenista;7296.5
12;60;1160000.0;M;42;almacenista;4454.7
12;45;4000000.0;F;67;almacenista;20481.3
12;48;1300000.0;M;23;almacenista;6240.4
9;49;1160000.0;F;25;almacenista;5454.7
12;48;1160000.0;F;28;almacenista;5568.4
12;48;1000000.0;F;21;almacenista;4800.3
12;48;1160000.0;F;68;almacenista;5568.4
12;48;1800000.0;F;7;almacenista;8640.6
12;48;1160000.0;M;53;almacenista;5568.4
7;48;1160000.0;F;56;almacenista;5568.4
12;48;1160000.0;M;10;almacenista;5568.4
12;48;1300000.0;F;59;almacenista;6240.4
12;48;1100000.0;M;29;almacenista;5280.3
12;48;1500000.0;F;74;almacenista;7200.5
12;48;1300000.0;M;19;almacenista;6240.4
12;48;1160000.0;M;11;almacenista;5568.4
11;52;1520000.0;F;6;almacenista;6735.2
12;48;1160000.0;M;6;almacenista;5568.4
12;48;1160000.0;F;30;almacenista;5568.4
12;15;300000.0;M;25;almacenista;4608.3
12;27;1400000.0;F;18;almacenista;11947.4
12;44;1600000.0;M;44;almacenista;8378.7
1;48;1160000.0;M;56;almacenista;5568.4
12;48;1160000.0;M;14;almacenista;5568.4
12;48;1900000.0;M;8;almacenista;9120.6
3;48;1160000.0;F;24;almacenista;5568.4
12;48;1450000.0;M;61;almacenista;6960.4
12;48;1580000.0;M;35;almacenista;7584.5
12;48;1160000.0;M;81;almacenista;5568.4
4;48;1300000.0;F;21;almacenista;6240.4
12;48;1100000.0;M;5;almacenista;5280.3
6;48;1300000.0;M;64;almacenista;6240.4
12;40;2200000.0;F;63;almacenista;12672.8
12;40;1400000.0;M;49;almacenista;8064.5
12;48;1160000.0;F;20;almacenista;5568.4
12;48;1800000.0;M;18;almacenista;8640.6
12;48;1200000.0;F;58;almacenista;5760.4
8;48;1160000.0;F;21;almacenista;5568.4
12;48;1200000.0;F;46;almacenista;5760.4
12;48;2150000.0;M;12;almacenista;10320.7
4;16;320000.0;F;12;almacenista;4608.3
12;48;1160000.0;M;61;almacenista;5568.4
12;66;1450000.0;F;13;almacenista;5062.1
12;48;1170000.0;M;17;almacenista;5616.4
12;48;1160000.0;M;14;almacenista;5568.4
12;48;1800000.0;F;6;almacenista;8640.6
12;48;1360000.0;F;11;almacenista;6528.4
12;48;1800000.0;F;43;almacenista;8640.6
12;48;1160000.0;M;35;almacenista;5568.4
10;48;1160000.0;M;17;almacenista;5568.4
12;48;1160000.0;M;11;almacenista;5568.4
11;48;1160000.0;F;21;almacenista;5568.4
12;48;1300000.0;F;16;almacenista;6240.4
12;48;1400000.0;M;40;almacenista;6720.4
12;48;1160000.0;F;79;almacenista;5568.4
4;48;1160000.0;F;30;almacenista;5568.4
12;48;1500000.0;F;11;almacenista;7200.5
12;48;1160000.0;M;38;almacenista;5568.4
12;48;1160000.0;F;78;almacenista;5568.4
12;48;1160000.0;M;46;almacenista;5568.4
12;62;1500000.0;M;45;almacenista;5574.6
12;48;1200000.0;F;67;almacenista;5760.4
12;48;1500000.0;F;30;almacenista;7200.5
1;40;1200000.0;M;71;almacenista;6912.4
1;40;1200000.0;F;72;almacenista;6912.4
11;48;1310000.0;F;41;almacenista;6288.4
8;48;1160000.0;F;66;almacenista;5568.4
5;48;1500000.0;M;42;almacenista;7200.5
10;60;1160000.0;F;40;almacenista;4454.7
12;50;1160000.0;M;9;almacenista;5345.6
12;40;800000.0;M;76;almacenista;4608.3
12;40;1920000.0;M;13;almacenista;11059.9
12;48;1160000.0;M;9;almacenista;5568.4
12;48;1460000.0;F;73;almacenista;7008.4
12;48;1300000.0;M;40;almacenista;6240.4
12;48;1160000.0;F;8;almacenista;5568.4
12;44;1160000.0;F;43;almacenista;6074.6
12;48;1160000.0;M;8;almacenista;5568.4
12;48;1600000.0;F;38;almacenista;7680.5
12;48;1357400.0;M;63;almacenista;6515.9
12;48;1126000.0;F;10;almacenista;5405.1
12;48;1500000.0;M;57;almacenista;7200.5
12;66;1160000.0;M;10;almacenista;4049.7
12;48;1160000.0;F;18;almacenista;5568.4
12;40;3000000.0;M;55;almacenista;17281.1
12;48;1160000.0;F;27;almacenista;5568.4
6;48;1160000.0;F;52;almacenista;5568.4
12;48;1300000.0;M;27;almacenista;6240.4
12;54;1160000.0;M;5;almacenista;4949.7
12;48;1300000.0;M;64;almacenista;6240.4
12;48;1160000.0;F;53;almacenista;5568.4
12;60;1300000.0;F;34;almacenista;4992.3
12;48;1160000.0;F;75;almacenista;5568.4
11;48;1160000.0;M;33;almacenista;5568.4
12;48;1160000.0;M;33;almacenista;5568.4
12;48;1200000.0;F;25;almacenista;5760.4
12;48;1160000.0;F;35;almacenista;5568.4
12;48;1160000.0;M;41;almacenista;5568.4
12;48;1160000.0;M;55;almacenista;5568.4
12;20;800000.0;F;68;almacenista;9216.6
12;40;2450000.0;M;22;almacenista;14112.9
12;56;1230000.0;F;52;almacenista;5060.9
6;48;1000000.0;F;51;almacenista;4800.3
12;48;1160000.0;F;9;almacenista;5568.4
12;48;1600000.0;F;56;almacenista;7680.5
12;54;1500000.0;M;11;almacenista;6400.4
12;48;1540000.0;F;43;almacenista;7392.5
2;48;1350000.0;F;31;almacenista;6480.4
12;48;800000.0;M;60;almacenista;3840.2
12;48;1160000.0;M;58;almacenista;5568.4
12;48;2300000.0;F;50;almacenista;11040.7
12;40;3900000.0;M;67;almacenista;22465.4
12;48;1116000.0;M;57;almacenista;5357.1
12;48;1200000.0;F;36;almacenista;5760.4
12;48;1260000.0;M;9;almacenista;6048.4
1;48;700000.0;M;10;almacenista;3360.2
12;46;1300000.0;M;27;almacenista;6511.7
12;48;840000.0;M;21;almacenista;4032.3
12;48;1160000.0;M;5;almacenista;5568.4
1;40;1000000.0;M;52;almacenista;5760.4
12;48;1500000.0;F;46;almacenista;7200.5
12;40;1450000.0;F;66;almacenista;8352.5
12;48;1200000.0;F;55;almacenista;5760.4
10;40;1800000.0;M;14;almacenista;10368.7
12;48;1200000.0;F;51;almacenista;5760.4
12;48;1650000.0;F;58;almacenista;7920.5
12;48;1160000.0;F;47;almacenista;5568.4
12;48;1160000.0;F;25;almacenista;5568.4
12;48;1300000.0;M;27;almacenista;6240.4
12;48;3000000.0;M;32;almacenista;14400.9
12;48;10000000.0;M;11;almacenista;48003.1
12;48;1160000.0;F;9;almacenista;5568.4
12;48;1300000.0;M;13;almacenista;6240.4
12;48;1300000.0;F;52;almacenista;6240.4
12;48;2000000.0;F;57;almacenista;9600.6
12;48;1600000.0;M;21;camionero;7680.5
8;50;1000000.0;M;33;camionero;4608.3
12;48;1000000.0;F;12;camionero;4800.3
6;15;500000.0;F;11;camionero;7680.5
12;54;1100000.0;M;25;camionero;4693.6
12;50;1300000.0;F;17;camionero;5990.8
10;45;1160000.0;F;39;camionero;5939.6
12;48;1500000.0;M;59;camionero;7200.5
12;48;1160000.0;M;27;camionero;5568.4
12;60;1000000.0;F;50;camionero;3840.2
12;56;2500000.0;F;34;camionero;10286.4
12;40;1400000.0;F;36;camionero;8064.5
12;60;1500000.0;F;74;camionero;5760.4
12;60;2000000.0;F;79;camionero;7680.5
12;48;1160000.0;M;46;camionero;5568.4
12;15;550000.0;F;11;camionero;8448.5
12;60;3000000.0;M;9;camionero;11520.7
12;60;1800000.0;M;10;camionero;6912.4
12;72;5500000.0;M;60;camionero;17601.1
12;60;1200000.0;F;29;camionero;4608.3
12;48;1160000.0;M;32;camionero;5568.4
12;50;1600000.0;M;40;camionero;7373.3
9;40;2500000.0;F;25;camionero;14400.9
12;72;1160000.0;F;64;camionero;3712.2
8;48;700000.0;F;35;camionero;3360.2
12;54;2000000.0;F;11;camionero;8533.9
3;20;360000.0;M;9;camionero;4147.5
12;45;1100000.0;M;6;camionero;5632.4
3;48;1100000.0;M;32;camionero;5280.3
12;48;1160000.0;F;29;camionero;5568.4
12;48;1500000.0;M;34;camionero;7200.5
12;48;1146000.0;F;47;camionero;5501.2
12;48;1650000.0;M;66;camionero;7920.5
12;48;1200000.0;M;19;camionero;5760.4
12;48;800000.0;F;25;camionero;3840.2
12;36;2500000.0;F;23;camionero;16001.0
12;30;400000.0;F;68;camionero;3072.2
8;50;700000.0;M;43;camionero;3225.8
12;84;2500000.0;M;50;camionero;6857.6
10;40;2000000.0;M;7;camionero;11520.7
12;20;500000.0;F;68;camionero;5760.4
12;48;1300000.0;M;65;camionero;6240.4
12;48;1160000.0;F;41;camionero;5568.4
12;48;1160000.0;M;10;camionero;5568.4
3;48;1100000.0;F;12;camionero;5280.3
12;70;1300000.0;M;60;camionero;4279.1
12;48;1160000.0;F;55;camionero;5568.4
12;70;1400000.0;F;57;camionero;4608.3
12;30;350000.0;F;76;camionero;2688.2
12;50;3600000.0;M;19;camionero;16589.9
12;48;1300000.0;F;84;camionero;6240.4
5;48;1160000.0;F;22;camionero;5568.4
2;72;500000.0;F;50;camionero;1600.1
12;60;1300000.0;M;20;camionero;4992.3
12;48;1160000.0;M;44;camionero;5568.4
12;70;1160000.0;F;46;camionero;3818.3
12;60;1000000.0;F;33;camionero;3840.2
12;60;800000.0;F;56;camionero;3072.2
12;48;1500000.0;M;6;camionero;7200.5
12;70;1160000.0;F;62;camionero;3818.3
12;50;4000000.0;F;22;camionero;18433.2
12;48;1160000.0;M;51;camionero;5568.4
12;105;1160000.0;F;22;camionero;2545.5
4;48;1160000.0;F;11;camionero;5568.4
12;40;700000.0;M;47;camionero;4032.3
12;108;1200000.0;F;63;camionero;2560.2
12;60;1720000.0;M;64;camionero;6605.2
12;60;3000000.0;F;94;camionero;11520.7
12;60;2000000.0;F;39;camionero;7680.5
12;48;1300000.0;M;90;camionero;6240.4
12;48;600000.0;M;28;camionero;2880.2
10;48;1600000.0;M;67;camionero;7680.5
12;50;2000000.0;F;70;camionero;9216.6
12;50;2000000.0;F;48;camionero;9216.6
12;50;1160000.0;F;56;camionero;5345.6
12;48;600000.0;M;6;camionero;2880.2
11;50;1000000.0;M;18;camionero;4608.3
12;70;1800000.0;F;12;camionero;5925.0
12;40;2004000.0;M;65;camionero;11543.8
10;48;1100000.0;M;16;camionero;5280.3
10;48;1200000.0;F;40;camionero;5760.4
12;72;1160000.0;M;31;camionero;3712.2
9;50;1900000.0;M;50;camionero;8755.8
12;60;1160000.0;M;46;camionero;4454.7
12;40;1500000.0;M;74;camionero;8640.6
12;48;1500000.0;M;54;camionero;7200.5
12;30;350000.0;F;13;camionero;2688.2
12;30;1300000.0;F;31;camionero;9984.6
8;48;1500000.0;F;70;camionero;7200.5
8;40;1300000.0;F;52;camionero;7488.5
12;72;1160000.0;M;21;camionero;3712.2
9;40;1160000.0;F;62;camionero;6682.0
12;48;2000000.0;M;73;camionero;9600.6
12;48;1500000.0;M;21;camionero;7200.5
12;48;600000.0;F;74;camionero;2880.2
12;40;1000000.0;F;25;camionero;5760.4
12;50;1000000.0;M;43;camionero;4608.3
12;60;1300000.0;M;50;camionero;4992.3
12;60;1600000.0;M;63;camionero;6144.4
12;50;1000000.0;F;68;camionero;4608.3
12;60;900000.0;F;30;camionero;3456.2
12;84;1200000.0;M;24;camionero;3291.6
12;48;1200000.0;M;29;camionero;5760.4
12;16;1000000.0;M;24;camionero;14400.9
2;60;1160000.0;F;16;camionero;4454.7
11;48;450000.0;F;60;camionero;2160.1
3;52;1500000.0;M;22;camionero;6646.6
12;50;2500000.0;M;7;camionero;11520.7
12;48;1300000.0;F;22;camionero;6240.4
12;84;2700000.0;F;32;camionero;7406.2
12;36;1800000.0;M;14;camionero;11520.7
12;48;2400000.0;F;40;camionero;11520.7
12;48;1500000.0;F;57;camionero;7200.5
12;48;2000000.0;M;38;camionero;9600.6
12;70;1000000.0;F;13;camionero;3291.6
12;48;1550000.0;F;56;camionero;7440.5
12;48;1160000.0;M;20;camionero;5568.4
12;48;1160000.0;M;7;camionero;5568.4
11;48;1500000.0;F;57;camionero;7200.5
12;48;1800000.0;M;10;camionero;8640.6
12;60;2000000.0;F;58;camionero;7680.5
12;70;6000000.0;M;41;camionero;19749.8
12;48;1160000.0;F;6;camionero;5568.4
12;40;800000.0;F;17;camionero;4608.3
12;84;1500000.0;F;38;camionero;4114.5
12;48;1500000.0;F;73;camionero;7200.5
12;48;1500000.0;F;22;camionero;7200.5
12;60;2000000.0;F;17;camionero;7680.5
12;48;2000000.0;M;38;camionero;9600.6
12;48;2500000.0;M;30;camionero;12000.8
12;48;4000000.0;M;22;camionero;19201.2
12;60;1160000.0;M;29;camionero;4454.7
12;50;2000000.0;M;33;camionero;9216.6
12;48;1160000.0;F;47;camionero;5568.4
12;48;1160000.0;M;14;camionero;5568.4
12;48;1500000.0;F;30;camionero;7200.5
12;48;1500000.0;M;33;camionero;7200.5
12;64;2000000.0;M;17;camionero;7200.5
12;48;1160000.0;M;42;camionero;5568.4
12;48;1200000.0;F;45;camionero;5760.4
12;48;1160000.0;F;62;camionero;5568.4
12;60;1160000.0;F;72;camionero;4454.7
12;60;1500000.0;F;26;camionero;5760.4
12;50;1200000.0;M;27;camionero;5530.0
12;60;800000.0;M;7;camionero;3072.2
12;48;1000000.0;F;67;camionero;4800.3
12;48;1000000.0;F;24;camionero;4800.3
12;48;1160000.0;M;26;camionero;5568.4
12;75;1500000.0;M;75;camionero;4608.3
12;48;1000000.0;F;10;camionero;4800.3
12;48;1160000.0;M;7;camionero;5568.4
12;48;1200000.0;F;12;camionero;5760.4
12;40;600000.0;M;44;camionero;3456.2
12;48;2500000.0;F;48;camionero;12000.8
12;48;600000.0;M;6;camionero;2880.2
12;48;2396000.0;F;39;camionero;11501.5
12;60;700000.0;F;22;camionero;2688.2
12;62;1000000.0;M;52;camionero;3716.4
12;48;1500000.0;M;40;camionero;7200.5
12;60;1160000.0;M;11;camionero;4454.7
12;40;1200000.0;M;57;camionero;6912.4
12;48;1160000.0;F;24;camionero;5568.4
12;48;1750000.0;F;14;camionero;8400.5
12;48;1560000.0;F;22;camionero;7488.5
12;48;1160000.0;M;13;camionero;5568.4
12;48;1160000.0;F;11;camionero;5568.4
12;48;1000000.0;M;25;camionero;4800.3
8;48;1160000.0;F;39;camionero;5568.4
12;60;1160000.0;M;29;camionero;4454.7
12;50;1300000.0;F;23;camionero;5990.8
12;24;850000.0;M;28;camionero;8160.5
12;48;1300000.0;M;12;camionero;6240.4
12;52;1160000.0;F;33;camionero;5140.0
12;48;1200000.0;F;31;camionero;5760.4
11;40;1500000.0;M;5;camionero;8640.6
12;30;600000.0;F;45;camionero;4608.3
12;36;150000.0;F;42;camionero;960.1
10;70;2000000.0;F;44;camionero;6583.3
8;48;1160000.0;F;6;camionero;5568.4
12;48;200000.0;M;47;camionero;960.1
8;30;150000.0;M;53;camionero;1152.1
12;50;1500000.0;M;26;camionero;6912.4
12;30;1080000.0;M;7;camionero;8294.9
9;48;1200000.0;M;54;camionero;5760.4
12;48;1800000.0;F;54;camionero;8640.6
12;30;800000.0;F;37;camionero;6144.4
12;40;700000.0;F;63;camionero;4032.3
12;70;3000000.0;M;39;camionero;9874.9
12;48;1200000.0;F;61;camionero;5760.4
4;70;1160000.0;F;56;camionero;3818.3
12;70;1400000.0;F;28;camionero;4608.3
6;20;400000.0;M;10;camionero;4608.3
12;50;1200000.0;M;30;camionero;5530.0
12;60;2400000.0;M;70;camionero;9216.6
12;84;1000000.0;F;72;camionero;2743.0
12;60;940000.0;M;25;camionero;3609.8
11;40;400000.0;M;34;camionero;2304.1
12;80;4000000.0;F;38;camionero;11520.7
12;48;2000000.0;M;24;camionero;9600.6
12;48;2000000.0;M;43;camionero;9600.6
12;48;500000.0;M;59;camionero;2400.2
12;48;350000.0;F;58;camionero;1680.1
12;48;1000000.0;M;43;camionero;4800.3
12;40;1000000.0;F;5;camionero;5760.4
12;48;1300000.0;F;12;camionero;6240.4
12;48;1160000.0;M;59;camionero;5568.4
6;40;800000.0;M;6;camionero;4608.3
12;48;500000.0;M;33;camionero;2400.2
12;30;450000.0;M;14;camionero;3456.2
12;48;1160000.0;F;33;camionero;5568.4
12;48;1500000.0;F;61;camionero;7200.5
12;52;900000.0;M;71;camionero;3987.9
12;48;1300000.0;F;44;camionero;6240.4
12;52;1200000.0;F;82;camionero;5317.3
12;60;1000000.0;M;68;camionero;3840.2
4;16;1000000.0;F;35;camionero;14400.9
12;48;1160000.0;M;34;camionero;5568.4
7;40;600000.0;F;49;camionero;3456.2
12;50;3000000.0;F;21;camionero;13824.9
12;48;1160000.0;F;25;camionero;5568.4
12;50;2000000.0;M;7;camionero;9216.6
12;60;2000000.0;F;14;camionero;7680.5
12;30;120000.0;M;48;camionero;921.7
12;48;1000000.0;F;65;camionero;4800.3
12;48;500000.0;F;19;camionero;2400.2
12;48;1300000.0;M;54;camionero;6240.4
12;48;1160000.0;F;26;camionero;5568.4
12;80;1160000.0;F;65;camionero;3341.0
12;60;1200000.0;M;64;camionero;4608.3
12;60;2500000.0;M;52;camionero;9600.6
12;52;1270000.0;M;96;camionero;5627.4
12;60;1180000.0;M;54;camionero;4531.5
12;48;700000.0;M;5;camionero;3360.2
12;50;700000.0;M;74;camionero;3225.8
12;70;1500000.0;F;33;camionero;4937.5
12;40;1200000.0;F;65;camionero;6912.4
12;70;1800000.0;M;7;camionero;5925.0
12;48;2450000.0;F;40;camionero;11760.8
12;48;1600000.0;F;21;camionero;7680.5
7;48;300000.0;M;18;camionero;1440.1
12;36;1000000.0;M;47;camionero;6400.4
12;54;2200000.0;F;38;camionero;9387.3
12;70;4000000.0;F;89;camionero;13166.6
12;48;1400000.0;F;70;camionero;6720.4
12;48;1160000.0;F;81;camionero;5568.4
12;72;1500000.0;F;62;camionero;4800.3
12;40;1160000.0;M;32;camionero;6682.0
12;48;2800000.0;F;7;camionero;13440.9
12;48;800000.0;F;84;camionero;3840.2
12;48;1800000.0;F;20;camionero;8640.6
12;48;1300000.0;M;27;camionero;6240.4
12;84;1600000.0;F;47;camionero;4388.9
12;60;1500000.0;F;37;camionero;5760.4
4;44;1500000.0;F;66;camionero;7855.0
12;70;800000.0;F;23;camionero;2633.3
12;48;1500000.0;M;42;camionero;7200.5
12;40;500000.0;F;61;camionero;2880.2
12;50;1460000.0;F;39;camionero;6728.1
12;40;1000000.0;M;56;camionero;5760.4
12;48;1500000.0;M;32;camionero;7200.5
1;48;1160000.0;F;50;camionero;5568.4
12;48;1160000.0;M;26;camionero;5568.4
12;54;3000000.0;M;32;camionero;12800.8
12;50;500000.0;M;40;camionero;2304.1
12;60;1100000.0;M;28;camionero;4224.3
12;48;1300000.0;M;43;camionero;6240.4
12;48;1200000.0;F;32;camionero;5760.4
12;48;1500000.0;F;70;camionero;7200.5
12;60;2400000.0;M;55;camionero;9216.6
12;48;1300000.0;F;27;camionero;6240.4
12;48;1000000.0;F;14;camionero;4800.3
12;50;800000.0;F;63;camionero;3686.6
12;50;1160000.0;F;22;camionero;5345.6
2;50;1160000.0;M;44;camionero;5345.6
12;50;1160000.0;F;46;camionero;5345.6
12;50;1160000.0;F;13;camionero;5345.6
12;50;1600000.0;F;21;camionero;7373.3
10;30;900000.0;M;79;camionero;6912.4
12;60;2000000.0;F;76;camionero;7680.5
8;72;1350000.0;F;9;camionero;4320.3
12;96;1000000.0;F;43;camionero;2400.2
12;40;1200000.0;F;15;camionero;6912.4
11;60;800000.0;M;6;camionero;3072.2
9;40;1000000.0;M;32;camionero;5760.4
12;48;1200000.0;M;32;camionero;5760.4
12;55;1900000.0;M;19;camionero;7959.8
12;48;2000000.0;M;20;camionero;9600.6
12;24;300000.0;F;5;camionero;2880.2
12;48;2000000.0;M;24;camionero;9600.6
12;48;1950000.0;M;61;camionero;9360.6
12;70;1700000.0;M;41;camionero;5595.8
12;60;1500000.0;F;49;camionero;5760.4
12;48;1360000.0;F;17;camionero;6528.4
12;60;2000000.0;F;29;camionero;7680.5
12;60;900000.0;M;35;camionero;3456.2
11;90;2800000.0;F;25;camionero;7168.5
3;60;900000.0;F;40;camionero;3456.2
12;48;1810000.0;F;49;camionero;8688.6
12;48;600000.0;M;9;camionero;2880.2
12;60;1750000.0;F;35;camionero;6720.4
12;60;2020000.0;M;24;camionero;7757.3
12;48;1200000.0;M;15;camionero;5760.4
12;48;2000000.0;F;59;camionero;9600.6
12;60;1160000.0;F;22;camionero;4454.7
12;60;1400000.0;F;15;camionero;5376.3
12;48;1160000.0;F;53;camionero;5568.4
12;40;780000.0;F;39;camionero;4493.1
12;54;1160000.0;F;42;camionero;4949.7
12;48;1160000.0;M;39;camionero;5568.4
12;48;1800000.0;F;28;camionero;8640.6
10;50;1160000.0;F;26;camionero;5345.6
6;48;1160000.0;F;23;camionero;5568.4
12;60;1600000.0;M;31;camionero;6144.4
12;40;1500000.0;F;38;camionero;8640.6
12;48;1200000.0;M;60;camionero;5760.4
12;45;840000.0;F;34;camionero;4301.1
12;48;1160000.0;M;30;camionero;5568.4
12;48;1200000.0;F;8;camionero;5760.4
12;48;1300000.0;M;30;camionero;6240.4
12;60;600000.0;M;11;camionero;2304.1
12;72;1300000.0;M;55;camionero;4160.3
12;70;1000000.0;F;12;camionero;3291.6
12;72;1300000.0;F;62;camionero;4160.3
6;48;1160000.0;F;27;camionero;5568.4
12;48;800000.0;M;55;camionero;3840.2
12;60;1800000.0;M;26;camionero;6912.4
12;70;2000000.0;F;18;camionero;6583.3
12;48;1160000.0;M;16;camionero;5568.4
12;50;1000000.0;M;32;camionero;4608.3
12;60;1160000.0;M;46;camionero;4454.7
12;48;1350000.0;M;43;electricista;6480.4
12;49;2000000.0;F;13;electricista;9404.7
12;50;500000.0;F;15;electricista;2304.1
12;56;800000.0;F;20;electricista;3291.6
12;48;1300000.0;F;40;electricista;6240.4
12;48;1200000.0;M;20;electricista;5760.4
12;40;650000.0;M;10;electricista;3744.2
12;48;1160000.0;M;31;electricista;5568.4
12;72;500000.0;M;18;electricista;1600.1
8;48;1160000.0;F;30;electricista;5568.4
12;60;700000.0;F;46;electricista;2688.2
12;48;1160000.0;F;55;electricista;5568.4
12;35;1700000.0;M;60;electricista;11191.6
12;50;1350000.0;F;70;electricista;6221.2
3;30;600000.0;F;32;electricista;4608.3
12;12;100000.0;M;31;electricista;1920.1
12;48;1800000.0;F;60;electricista;8640.6
12;30;500000.0;M;18;electricista;3840.2
12;48;900000.0;F;15;electricista;4320.3
7;40;550000.0;F;85;electricista;3168.2
12;48;1700000.0;M;50;electricista;8160.5
12;30;500000.0;F;38;electricista;3840.2
12;48;200000.0;F;85;electricista;960.1
12;45;900000.0;M;15;electricista;4608.3
12;60;1500000.0;F;21;electricista;5760.4
12;45;800000.0;F;14;electricista;4096.3
12;48;1800000.0;F;21;electricista;8640.6
12;48;1500000.0;M;9;electricista;7200.5
11;45;350000.0;F;22;electricista;1792.1
12;60;1160000.0;M;56;electricista;4454.7
12;48;1600000.0;F;50;electricista;7680.5
11;48;3500000.0;M;37;electricista;16801.1
3;48;1300000.0;F;29;electricista;6240.4
2;54;1700000.0;F;22;electricista;7253.8
12;48;1160000.0;F;59;electricista;5568.4
12;30;500000.0;M;57;electricista;3840.2
12;48;2000000.0;F;22;electricista;9600.6
12;40;1300000.0;M;41;electricista;7488.5
12;48;1870000.0;F;27;electricista;8976.6
12;48;2000000.0;M;22;electricista;9600.6
10;48;4000000.0;F;63;electricista;19201.2
12;35;1100000.0;F;42;electricista;7241.6
12;44;1160000.0;M;33;electricista;6074.6
10;50;1500000.0;F;44;electricista;6912.4
12;48;1800000.0;F;29;electricista;8640.6
12;60;250000.0;M;63;electricista;960.1
12;28;800000.0;F;36;electricista;6583.3
6;48;1160000.0;M;7;electricista;5568.4
12;40;900000.0;M;49;electricista;5184.3
6;16;300000.0;M;32;electricista;4320.3
12;48;1600000.0;M;25;electricista;7680.5
12;48;1200000.0;F;8;electricista;5760.4
12;48;1200000.0;M;56;electricista;5760.4
12;48;10000000.0;M;66;electricista;48003.1
12;48;1500000.0;F;36;electricista;7200.5
12;35;800000.0;M;15;electricista;5266.6
12;38;950000.0;M;57;electricista;5760.4
2;48;1300000.0;F;35;electricista;6240.4
1;8;25000.0;M;32;electricista;720.0
12;48;2000000.0;M;71;electricista;9600.6
12;48;3100000.0;F;29;electricista;14881.0
1;48;600000.0;M;9;electricista;2880.2
12;48;1160000.0;M;11;electricista;5568.4
12;35;1200000.0;M;8;electricista;7899.9
12;48;1400000.0;M;10;electricista;6720.4
12;48;1160000.0;M;20;electricista;5568.4
12;40;500000.0;M;17;electricista;2880.2
10;48;1160000.0;F;32;electricista;5568.4
12;54;850000.0;M;50;electricista;3626.9
12;48;1570000.0;F;22;electricista;7536.5
12;48;300000.0;F;44;electricista;1440.1
12;60;1000000.0;F;28;electricista;3840.2
12;50;6000000.0;M;17;electricista;27649.8
12;48;1200000.0;F;43;electricista;5760.4
12;60;2000000.0;M;41;electricista;7680.5
12;40;800000.0;M;41;electricista;4608.3
12;40;1200000.0;M;79;electricista;6912.4
12;48;1160000.0;M;5;electricista;5568.4
12;48;1160000.0;M;13;electricista;5568.4
12;48;1160000.0;M;52;electricista;5568.4
10;48;800000.0;M;32;electricista;3840.2
12;48;1200000.0;F;65;electricista;5760.4
12;48;1500000.0;F;19;electricista;7200.5
12;48;1116000.0;M;40;electricista;5357.1
12;40;920000.0;F;36;electricista;5299.5
12;40;700000.0;F;27;electricista;4032.3
12;45;1500000.0;F;96;electricista;7680.5
12;35;1500000.0;F;72;electricista;9874.9
12;20;500000.0;M;24;electricista;5760.4
12;48;10000000.0;F;26;electricista;48003.1
7;40;1200000.0;M;60;electricista;6912.4
12;58;1700000.0;F;11;electricista;6753.5
12;48;1800000.0;M;34;electricista;8640.6
12;48;1200000.0;F;41;electricista;5760.4
12;50;1600000.0;F;46;electricista;7373.3
12;48;1160000.0;F;21;electricista;5568.4
12;48;960000.0;M;8;electricista;4608.3
12;40;1500000.0;F;44;electricista;8640.6
3;48;1500000.0;F;21;electricista;7200.5
10;44;1450000.0;F;77;electricista;7593.2
12;48;1160000.0;M;63;electricista;5568.4
12;48;1160000.0;F;50;electricista;5568.4
12;48;1160000.0;F;18;electricista;5568.4
12;48;1533000.0;F;24;electricista;7358.9
12;48;2320000.0;F;76;electricista;11136.7
8;48;1000000.0;M;60;electricista;4800.3
12;60;4800000.0;F;83;electricista;18433.2
12;48;800000.0;M;5;electricista;3840.2
12;48;700000.0;F;42;electricista;3360.2
12;40;1800000.0;M;41;electricista;10368.7
12;48;1300000.0;F;18;electricista;6240.4
12;36;2100000.0;M;82;electricista;13440.9
12;48;1200000.0;M;36;electricista;5760.4
12;60;2000000.0;M;57;electricista;7680.5
12;60;1160000.0;F;42;electricista;4454.7
12;40;2000000.0;F;26;electricista;11520.7
12;48;900000.0;M;54;electricista;4320.3
12;72;1000000.0;M;13;electricista;3200.2
12;40;2600000.0;F;60;arquitecto;14977.0
4;10;3000000.0;F;44;arquitecto;69124.4
12;40;5000000.0;M;31;arquitecto;28801.8
12;30;6000000.0;M;5;arquitecto;46082.9
12;60;12000000.0;F;55;arquitecto;46082.9
12;40;1500000.0;F;65;arquitecto;8640.6
8;40;2500000.0;M;26;arquitecto;14400.9
12;25;1200000.0;F;38;arquitecto;11059.9
12;44;2500000.0;F;13;arquitecto;13091.7
2;24;1000000.0;M;74;arquitecto;9600.6
11;48;1500000.0;F;38;arquitecto;7200.5
12;40;1500000.0;M;7;arquitecto;8640.6
12;48;2500000.0;M;59;arquitecto;12000.8
12;48;2500000.0;F;58;arquitecto;12000.8
12;48;1800000.0;F;10;arquitecto;8640.6
12;48;1900000.0;F;26;arquitecto;9120.6
12;48;3000000.0;F;54;arquitecto;14400.9
12;48;2500000.0;F;49;arquitecto;12000.8
12;48;6000000.0;F;42;arquitecto;28801.8
6;45;3000000.0;F;68;arquitecto;15361.0
12;40;2000000.0;F;8;arquitecto;11520.7
12;48;2200000.0;F;42;arquitecto;10560.7
6;40;2000000.0;F;56;arquitecto;11520.7
12;45;2000000.0;F;44;arquitecto;10240.7
12;40;1800000.0;F;25;arquitecto;10368.7
8;48;3000000.0;M;20;arquitecto;14400.9
12;12;1500000.0;F;80;arquitecto;28801.8
12;48;3000000.0;M;43;arquitecto;14400.9
12;40;3500000.0;F;41;arquitecto;20161.3
12;40;3500000.0;F;33;arquitecto;20161.3
12;42;3000000.0;M;5;arquitecto;16458.2
12;48;2000000.0;F;24;arquitecto;9600.6
12;45;2000000.0;M;68;arquitecto;10240.7
12;40;7500000.0;M;6;arquitecto;43202.8
9;40;18000000.0;M;63;arquitecto;103686.6
12;50;3800000.0;F;41;arquitecto;17511.5
12;48;1000000.0;F;89;arquitecto;4800.3
12;40;5000000.0;F;42;arquitecto;28801.8
12;60;1000000.0;F;68;arquitecto;3840.2
12;48;6000000.0;F;73;arquitecto;28801.8
12;45;1800000.0;M;7;arquitecto;9216.6
12;48;4000000.0;F;31;arquitecto;19201.2
8;30;1800000.0;F;16;arquitecto;13824.9
12;84;4000000.0;M;26;arquitecto;10972.1
12;48;3500000.0;F;7;arquitecto;16801.1
12;48;1800000.0;M;22;arquitecto;8640.6
12;48;500000.0;F;66;arquitecto;2400.2
12;40;1500000.0;M;59;arquitecto;8640.6
12;48;1300000.0;M;67;arquitecto;6240.4
12;48;1300000.0;M;49;arquitecto;6240.4
12;40;6960000.0;F;61;abogado;40092.2
12;30;5400000.0;M;93;abogado;41474.7
12;40;500000.0;F;42;abogado;2880.2
12;40;5000000.0;F;45;abogado;28801.8
12;48;1160000.0;F;17;abogado;5568.4
2;48;2000000.0;F;44;abogado;9600.6
11;48;5000000.0;M;20;abogado;24001.5
12;48;10000000.0;M;10;abogado;48003.1
12;48;6000000.0;F;9;abogado;28801.8
12;40;2500000.0;M;55;abogado;14400.9
12;40;2000000.0;M;61;abogado;11520.7
12;48;5375000.0;M;71;abogado;25801.7
12;48;1200000.0;F;8;abogado;5760.4
7;48;2000000.0;F;46;abogado;9600.6
12;42;2000000.0;M;88;abogado;10972.1
8;40;4000000.0;F;70;abogado;23041.5
12;40;1800000.0;M;21;abogado;10368.7
12;40;7000000.0;M;34;abogado;40322.6
12;48;1700000.0;F;40;abogado;8160.5
12;48;6600000.0;M;44;abogado;31682.0
12;44;2500000.0;M;35;abogado;13091.7
2;48;2500000.0;M;15;abogado;12000.8
2;4;600000.0;F;93;abogado;34562.2
12;48;2000000.0;M;56;abogado;9600.6
12;48;3100000.0;F;28;abogado;14881.0
12;48;6000000.0;M;36;abogado;28801.8
12;50;5200000.0;F;37;abogado;23963.1
12;40;10000000.0;F;25;abogado;57603.7
12;55;5000000.0;F;61;abogado;20946.8
9;50;4000000.0;F;31;abogado;18433.2
12;48;3000000.0;F;39;abogado;14400.9
12;48;4500000.0;M;17;abogado;21601.4
12;48;2000000.0;F;15;abogado;9600.6
12;48;1300000.0;M;24;abogado;6240.4
12;40;2300000.0;M;56;abogado;13248.8
12;48;2000000.0;F;73;abogado;9600.6
12;40;3000000.0;M;82;abogado;17281.1
12;40;3400000.0;M;60;abogado;19585.3
12;48;3000000.0;F;21;abogado;14400.9
12;40;2400000.0;F;65;abogado;13824.9
12;40;2500000.0;F;53;abogado;14400.9
12;48;7200000.0;F;12;abogado;34562.2
12;35;500000.0;M;11;abogado;3291.6
9;48;4000000.0;M;13;abogado;19201.2
12;48;4000000.0;M;19;abogado;19201.2
12;40;3400000.0;F;49;abogado;19585.3
12;48;10000000.0;F;43;abogado;48003.1
12;40;7600000.0;F;28;abogado;43778.8
12;40;5000000.0;F;66;abogado;28801.8
10;40;2000000.0;M;80;abogado;11520.7
1;45;2300000.0;F;46;abogado;11776.8
12;40;2000000.0;F;48;abogado;11520.7
12;48;9600000.0;F;57;abogado;46082.9
12;16;1500000.0;F;26;abogado;21601.4
12;48;5000000.0;M;39;abogado;24001.5
12;40;2995000.0;F;73;abogado;17252.3
12;48;5000000.0;M;32;abogado;24001.5
12;48;1100000.0;F;22;abogado;5280.3
12;48;2800000.0;M;21;abogado;13440.9
12;40;1500000.0;M;25;abogado;8640.6
12;40;2300000.0;M;40;abogado;13248.8
12;40;1000000.0;M;27;abogado;5760.4
12;30;5000000.0;M;19;abogado;38402.5
12;48;1200000.0;M;15;abogado;5760.4
12;48;3000000.0;F;14;abogado;14400.9
12;48;7000000.0;F;70;abogado;33602.2
12;25;2000000.0;M;13;abogado;18433.2
12;40;4000000.0;F;46;abogado;23041.5
12;48;3000000.0;F;19;abogado;14400.9
12;48;4900000.0;F;18;abogado;23521.5
4;30;600000.0;M;15;abogado;4608.3
12;48;2000000.0;F;46;abogado;9600.6
12;24;3000000.0;M;22;abogado;28801.8
12;48;500000.0;M;23;abogado;2400.2
12;40;5000000.0;F;48;abogado;28801.8
12;48;4000000.0;F;43;abogado;19201.2
12;40;3000000.0;F;61;abogado;17281.1
12;48;5000000.0;F;37;abogado;24001.5
12;48;1500000.0;F;37;abogado;7200.5
12;40;3700000.0;M;28;abogado;21313.4
12;40;9000000.0;M;45;abogado;51843.3
12;48;4800000.0;F;53;abogado;23041.5
10;48;5800000.0;F;68;abogado;27841.8
12;48;2000000.0;F;12;abogado;9600.6
12;40;1800000.0;M;39;abogado;10368.7
12;40;3000000.0;M;19;abogado;17281.1
12;40;2300000.0;M;25;abogado;13248.8
8;25;3400000.0;F;30;abogado;31336.4
10;40;2800000.0;M;27;abogado;16129.0
12;48;4000000.0;M;51;abogado;19201.2
12;40;1160000.0;F;28;abogado;6682.0
12;48;2600000.0;F;77;abogado;12480.8
12;48;1160000.0;M;23;abogado;5568.4
12;45;3000000.0;M;35;abogado;15361.0
12;40;4000000.0;M;21;abogado;23041.5
12;48;4000000.0;F;72;abogado;19201.2
12;30;1160000.0;F;14;abogado;8909.4
12;40;3000000.0;F;83;abogado;17281.1
12;48;3500000.0;M;66;abogado;16801.1
12;57;9000000.0;F;24;abogado;36381.3
12;25;2100000.0;M;19;abogado;19354.8
12;30;7000000.0;M;17;abogado;53763.4
3;40;2000000.0;F;61;abogado;11520.7
12;48;5800000.0;F;9;abogado;27841.8
12;48;3800000.0;M;56;abogado;18241.2
12;40;1300000.0;F;44;abogado;7488.5
12;48;2000000.0;F;37;abogado;9600.6
12;48;5000000.0;F;35;abogado;24001.5
12;48;3400000.0;F;33;abogado;16321.0
12;48;1800000.0;F;29;abogado;8640.6
12;54;4000000.0;F;65;abogado;17067.8
12;48;2500000.0;F;22;abogado;12000.8
12;40;6000000.0;F;58;abogado;34562.2
12;30;2000000.0;F;39;abogado;15361.0
12;48;3000000.0;F;31;abogado;14400.9
12;50;4000000.0;F;22;abogado;18433.2
12;45;10000000.0;F;56;abogado;51203.3
12;48;5000000.0;M;65;abogado;24001.5
12;48;5200000.0;F;46;abogado;24961.6
12;40;500000.0;M;44;abogado;2880.2
12;40;4500000.0;M;23;abogado;25921.7
12;40;4600000.0;M;73;abogado;26497.7
12;48;2000000.0;M;32;abogado;9600.6
12;48;2500000.0;F;9;abogado;12000.8
8;48;4000000.0;F;67;abogado;19201.2
4;24;900000.0;M;64;abogado;8640.6
12;48;3000000.0;M;77;abogado;14400.9
12;50;6000000.0;M;39;abogado;27649.8
11;40;7000000.0;F;29;abogado;40322.6
12;48;2500000.0;F;74;abogado;12000.8
12;36;2600000.0;F;37;abogado;16641.1
12;48;3000000.0;M;45;abogado;14400.9
12;48;5400000.0;F;47;abogado;25921.7
11;40;3000000.0;F;10;abogado;17281.1
12;36;2600000.0;F;49;abogado;16641.1
12;20;5000000.0;F;67;abogado;57603.7
12;48;4000000.0;F;44;abogado;19201.2
12;48;1200000.0;M;52;abogado;5760.4
12;25;3600000.0;F;7;abogado;33179.7
12;60;5400000.0;F;18;abogado;20737.3
1;40;2700000.0;F;59;abogado;15553.0
12;40;2800000.0;F;74;abogado;16129.0
6;45;2000000.0;M;30;abogado;10240.7
12;48;5000000.0;F;60;abogado;24001.5
12;48;1700000.0;F;60;abogado;8160.5
11;40;500000.0;M;23;abogado;2880.2
12;60;2000000.0;F;37;abogado;7680.5
12;40;4300000.0;F;30;abogado;24769.6
12;48;1300000.0;M;46;abogado;6240.4
12;48;10000000.0;F;55;abogado;48003.1
12;48;3000000.0;M;15;abogado;14400.9
12;48;1000000.0;F;35;abogado;4800.3
12;24;2000000.0;F;18;abogado;19201.2
12;40;2000000.0;F;5;abogado;11520.7
12;40;3000000.0;M;29;abogado;17281.1
12;48;3300000.0;F;80;abogado;15841.0
12;40;3500000.0;M;58;abogado;20161.3
5;24;5000000.0;F;56;abogado;48003.1
12;48;7000000.0;M;13;abogado;33602.2
12;48;3000000.0;F;91;abogado;14400.9
12;48;6000000.0;M;14;abogado;28801.8
12;45;3980000.0;M;14;abogado;20378.9
12;48;8935093.0;F;55;abogado;42891.2
12;48;6440000.0;M;54;abogado;30914.0
12;48;2600000.0;F;47;abogado;12480.8
12;48;2500000.0;F;29;abogado;12000.8
12;40;4200000.0;M;6;abogado;24193.5
12;40;1800000.0;F;33;abogado;10368.7
12;48;6000000.0;F;15;abogado;28801.8
12;48;1200000.0;F;23;abogado;5760.4
12;40;3500000.0;M;79;abogado;20161.3
12;40;2000000.0;M;38;abogado;11520.7
12;48;4500000.0;M;25;abogado;21601.4
12;45;3600000.0;M;6;abogado;18433.2
12;48;1160000.0;M;31;abogado;5568.4
12;48;5000000.0;F;86;abogado;24001.5
12;60;5000000.0;M;56;abogado;19201.2
12;48;5000000.0;M;46;abogado;24001.5
12;40;1300000.0;M;26;abogado;7488.5
12;48;1160000.0;F;6;abogado;5568.4
12;48;1000000.0;M;8;abogado;4800.3
12;50;1200000.0;M;19;abogado;5530.0
10;48;600000.0;F;25;abogado;2880.2
12;40;30020000.0;M;34;abogado;172926.3
11;40;2000000.0;F;24;abogado;11520.7
12;48;5800000.0;F;18;abogado;27841.8
12;48;2000000.0;M;17;abogado;9600.6
12;40;3500000.0;F;36;abogado;20161.3
12;40;3000000.0;F;8;abogado;17281.1
12;40;2500000.0;F;69;abogado;14400.9
12;40;12000000.0;F;15;abogado;69124.4
12;35;2500000.0;F;16;abogado;16458.2
12;40;1800000.0;M;45;abogado;10368.7
12;40;5500000.0;F;18;abogado;31682.0
12;48;4500000.0;F;72;abogado;21601.4
12;48;3000000.0;F;19;abogado;14400.9
12;48;1500000.0;F;16;abogado;7200.5
6;40;1500000.0;F;10;abogado;8640.6
12;40;5000000.0;F;18;abogado;28801.8
6;20;1000000.0;F;11;abogado;11520.7
12;40;3350000.0;F;35;abogado;19297.2
12;40;1500000.0;M;17;abogado;8640.6
12;40;3300000.0;M;62;abogado;19009.2
12;40;3500000.0;F;42;abogado;20161.3
12;48;6000000.0;M;39;abogado;28801.8
12;48;3000000.0;M;22;abogado;14400.9
12;48;3500000.0;M;30;abogado;16801.1
12;50;4000000.0;F;66;abogado;18433.2
5;40;2800000.0;M;61;abogado;16129.0
12;30;2000000.0;F;20;abogado;15361.0
12;48;13000000.0;F;33;abogado;62404.0
10;40;3000000.0;F;8;abogado;17281.1
12;48;3500000.0;F;39;abogado;16801.1
12;48;3500000.0;M;26;abogado;16801.1
11;40;1160000.0;F;63;abogado;6682.0
12;50;2000000.0;M;32;abogado;9216.6
12;20;1500000.0;M;8;abogado;17281.1
12;40;1800000.0;F;47;abogado;10368.7
12;40;1400000.0;M;81;abogado;8064.5
12;48;2000000.0;F;53;abogado;9600.6
12;30;300000.0;F;11;abogado;2304.1
6;35;3500000.0;F;11;abogado;23041.5
12;40;1800000.0;F;62;abogado;10368.7
12;48;3000000.0;F;14;abogado;14400.9
12;48;2000000.0;M;61;abogado;9600.6
12;20;16000000.0;F;91;abogado;184331.8
12;60;6000000.0;F;62;abogado;23041.5
12;40;3500000.0;F;24;abogado;20161.3
10;40;2000000.0;F;9;abogado;11520.7
12;48;1500000.0;M;34;abogado;7200.5
12;48;2300000.0;M;53;abogado;11040.7
12;40;2200000.0;F;11;abogado;12672.8
12;40;3300000.0;F;22;abogado;19009.2
12;45;5400000.0;F;31;abogado;27649.8
12;60;7000000.0;F;27;abogado;26881.7
12;45;2500000.0;M;13;abogado;12800.8
12;40;1000000.0;F;44;abogado;5760.4
12;30;100000.0;F;51;abogado;768.0
12;48;4200000.0;F;38;abogado;20161.3
12;40;500000.0;F;48;abogado;2880.2
12;48;2000000.0;F;18;abogado;9600.6
12;48;1600000.0;M;24;abogado;7680.5
12;40;1000000.0;F;10;abogado;5760.4
12;40;4500000.0;F;34;abogado;25921.7
12;120;4250000.0;M;36;abogado;8160.5
12;40;4472000.0;M;32;abogado;25760.4
12;48;5000000.0;M;44;abogado;24001.5
5;48;700000.0;F;23;abogado;3360.2
12;36;3000000.0;F;26;abogado;19201.2
6;40;5000000.0;F;32;abogado;28801.8
12;40;8400000.0;F;12;abogado;48387.1
12;48;4500000.0;M;12;abogado;21601.4
12;48;3000000.0;F;9;abogado;14400.9
12;40;4900000.0;F;15;abogado;28225.8
12;40;2300000.0;M;28;abogado;13248.8
12;40;2000000.0;F;72;abogado;11520.7
4;20;1200000.0;M;9;abogado;13824.9
12;60;1500000.0;M;28;abogado;5760.4
12;40;5900000.0;M;25;abogado;33986.2
12;30;8610000.0;F;79;abogado;66129.0
12;40;4500000.0;F;29;abogado;25921.7
12;50;2800000.0;F;28;abogado;12903.2
5;60;1600000.0;M;10;abogado;6144.4
12;48;960000.0;F;32;abogado;4608.3
12;48;2000000.0;M;14;abogado;9600.6
12;45;3000000.0;M;15;abogado;15361.0
12;48;3000000.0;F;48;abogado;14400.9
12;40;5200000.0;F;17;abogado;29953.9
12;48;2500000.0;F;54;abogado;12000.8
12;48;4000000.0;F;66;abogado;19201.2
12;40;4000000.0;M;48;abogado;23041.5
12;48;5000000.0;F;21;abogado;24001.5
12;48;3500000.0;F;16;abogado;16801.1
12;50;4000000.0;M;54;abogado;18433.2
12;50;5000000.0;M;5;abogado;23041.5
12;40;6000000.0;F;14;abogado;34562.2
12;40;3500000.0;F;24;abogado;20161.3
7;48;3200000.0;F;65;abogado;15361.0
12;40;3000000.0;F;91;abogado;17281.1
12;48;4000000.0;F;32;abogado;19201.2
12;48;20955000.0;F;15;abogado;100590.4
12;48;2500000.0;F;36;abogado;12000.8
12;48;2500000.0;M;43;abogado;12000.8
1;44;4450000.0;F;44;abogado;23303.3
12;48;4000000.0;F;12;abogado;19201.2
12;48;1300000.0;M;34;abogado;6240.4
12;40;8000000.0;F;17;abogado;46082.9
12;48;6000000.0;F;42;abogado;28801.8
12;44;1000000.0;F;35;carpintero;5236.7
1;44;600000.0;F;38;carpintero;3142.0
12;48;1500000.0;M;19;carpintero;7200.5
12;32;1160000.0;F;17;carpintero;8352.5
12;22;800000.0;F;12;carpintero;8378.7
12;50;700000.0;F;10;carpintero;3225.8
12;48;1000000.0;M;42;carpintero;4800.3
12;10;500000.0;F;50;carpintero;11520.7
12;48;1300000.0;F;51;carpintero;6240.4
12;48;500000.0;M;17;carpintero;2400.2
12;50;800000.0;F;62;carpintero;3686.6
12;54;1000000.0;M;28;carpintero;4266.9
2;48;1000000.0;M;27;carpintero;4800.3
12;48;1160000.0;M;25;carpintero;5568.4
12;48;1160000.0;F;33;carpintero;5568.4
12;48;1160000.0;F;23;carpintero;5568.4
12;48;1100000.0;M;42;carpintero;5280.3
8;20;180000.0;F;61;carpintero;2073.7
12;49;1800000.0;M;8;carpintero;8464.2
12;40;1100000.0;F;5;carpintero;6336.4
12;40;300000.0;M;7;carpintero;1728.1
6;48;400000.0;M;16;carpintero;1920.1
12;48;500000.0;M;43;carpintero;2400.2
12;40;700000.0;F;7;carpintero;4032.3
12;48;600000.0;F;43;carpintero;2880.2
12;44;600000.0;F;8;carpintero;3142.0
12;42;300000.0;M;38;carpintero;1645.8
12;40;400000.0;F;43;carpintero;2304.1
12;67;1300000.0;M;22;carpintero;4470.7
12;50;1200000.0;F;34;carpintero;5530.0
10;40;700000.0;M;46;carpintero;4032.3
12;48;1000000.0;M;12;carpintero;4800.3
12;48;1160000.0;M;41;carpintero;5568.4
12;10;85000.0;F;19;carpintero;1958.5
12;48;1900000.0;M;65;carpintero;9120.6
12;30;800000.0;F;41;carpintero;6144.4
12;48;1800000.0;M;84;chef;8640.6
12;40;1000000.0;M;15;chef;5760.4
12;50;2450000.0;F;19;chef;11290.3
11;60;2100000.0;M;18;chef;8064.5
12;70;1100000.0;F;18;chef;3620.8
12;48;2000000.0;M;23;chef;9600.6
12;56;1500000.0;F;35;chef;6171.8
12;48;2000000.0;F;42;chef;9600.6
12;48;2570000.0;F;38;chef;12336.8
12;70;1280000.0;F;39;chef;4213.3
11;40;1750000.0;F;67;chef;10080.6
12;70;1600000.0;F;28;chef;5266.6
10;60;1510000.0;M;17;chef;5798.8
12;50;1500000.0;M;8;chef;6912.4
12;48;1800000.0;F;65;chef;8640.6
12;48;3000000.0;F;52;chef;14400.9
12;48;1300000.0;F;22;chef;6240.4
12;48;910000.0;M;26;chef;4368.3
12;84;1900000.0;F;74;chef;5211.8
12;40;1760000.0;F;14;chef;10138.2
12;48;1320000.0;M;8;chef;6336.4
12;56;1600000.0;F;27;chef;6583.3
12;70;1500000.0;F;40;chef;4937.5
12;48;2266000.0;F;58;chef;10877.5
12;45;1160000.0;F;63;chef;5939.6
12;24;400000.0;F;24;chef;3840.2
12;84;1400000.0;M;19;chef;3840.2
12;48;1600000.0;F;6;chef;7680.5
12;40;600000.0;F;65;barbero;3456.2
12;24;1000000.0;M;31;barbero;9600.6
12;21;800000.0;F;21;barbero;8777.7
12;8;200000.0;M;23;barbero;5760.4
12;70;900000.0;F;31;barbero;2962.5
12;54;700000.0;F;20;barbero;2986.9
12;48;250000.0;M;56;barbero;1200.1
7;30;500000.0;F;45;barbero;3840.2
12;65;1300000.0;F;26;barbero;4608.3
12;40;300000.0;F;18;barbero;1728.1
12;30;200000.0;F;73;barbero;1536.1
12;60;900000.0;F;25;barbero;3456.2
9;56;1800000.0;M;13;barbero;7406.2
10;48;600000.0;M;19;barbero;2880.2
12;24;300000.0;F;63;barbero;2880.2
12;60;1500000.0;F;9;barbero;5760.4
12;50;1600000.0;F;31;barbero;7373.3
12;84;1300000.0;M;44;barbero;3565.9
12;40;1500000.0;F;16;barbero;8640.6
12;66;1300000.0;F;16;barbero;4538.5
8;70;1260000.0;F;47;barbero;4147.5
12;70;400000.0;F;11;barbero;1316.7
11;40;500000.0;F;31;barbero;2880.2
12;45;1000000.0;M;7;barbero;5120.3
12;48;1500000.0;M;15;barbero;7200.5
12;15;1500000.0;F;10;barbero;23041.5
12;18;70000.0;F;17;barbero;896.1
12;48;2000000.0;F;34;barbero;9600.6
12;70;900000.0;M;54;barbero;2962.5
12;50;900000.0;F;10;barbero;4147.5
3;20;250000.0;M;91;barbero;2880.2
12;20;260000.0;F;7;barbero;2995.4
12;48;1000000.0;F;49;barbero;4800.3
12;40;680000.0;F;18;barbero;3917.1
10;48;1000000.0;M;17;barbero;4800.3
12;48;1200000.0;F;15;barbero;5760.4
12;10;500000.0;M;76;barbero;11520.7
3;44;450000.0;M;12;barbero;2356.5
12;48;500000.0;M;25;barbero;2400.2
12;70;1500000.0;F;75;barbero;4937.5
12;30;1000000.0;M;60;barbero;7680.5
12;72;1520000.0;M;67;barbero;4864.3
12;20;120000.0;F;17;barbero;1382.5
12;30;100000.0;M;44;barbero;768.0
12;48;800000.0;M;13;barbero;3840.2
12;42;350000.0;M;32;barbero;1920.1
12;48;500000.0;M;28;barbero;2400.2
12;35;350000.0;F;60;barbero;2304.1
12;48;900000.0;M;23;barbero;4320.3
10;60;200000.0;F;48;barbero;768.0
12;36;600000.0;M;27;barbero;3840.2
12;56;400000.0;M;30;barbero;1645.8
12;60;1000000.0;F;54;barbero;3840.2
12;48;500000.0;F;17;barbero;2400.2
12;36;800000.0;F;13;barbero;5120.3
12;40;1000000.0;F;68;barbero;5760.4
12;48;1100000.0;F;45;barbero;5280.3
12;40;3500000.0;M;10;barbero;20161.3
12;84;1300000.0;F;52;barbero;3565.9
6;30;800000.0;M;8;barbero;6144.4
12;48;600000.0;M;59;barbero;2880.2
12;40;1200000.0;F;87;barbero;6912.4
12;60;1300000.0;M;83;barbero;4992.3
12;40;500000.0;F;24;barbero;2880.2
12;20;1200000.0;F;25;barbero;13824.9
12;48;1500000.0;M;52;barbero;7200.5
12;36;1000000.0;M;38;barbero;6400.4
12;60;700000.0;M;24;barbero;2688.2
12;48;350000.0;M;67;barbero;1680.1
12;48;900000.0;M;67;barbero;4320.3
6;40;400000.0;F;14;barbero;2304.1
12;60;800000.0;F;29;barbero;3072.2
10;36;200000.0;M;15;barbero;1280.1
12;48;400000.0;F;50;barbero;1920.1
12;48;1300000.0;M;41;barbero;6240.4
12;4;150000.0;M;57;barbero;8640.6
12;24;280000.0;F;54;barbero;2688.2
12;48;900000.0;M;5;barbero;4320.3
12;40;700000.0;M;41;barbero;4032.3
1;48;500000.0;M;10;barbero;2400.2
12;20;1000000.0;M;37;barbero;11520.7
12;48;350000.0;F;21;barbero;1680.1
12;60;800000.0;F;38;barbero;3072.2
12;48;600000.0;F;13;barbero;2880.2
12;48;500000.0;M;5;barbero;2400.2
5;48;1000000.0;F;64;barbero;4800.3
12;48;450000.0;F;78;barbero;2160.1
12;48;350000.0;M;24;barbero;1680.1
12;48;1100000.0;F;49;barbero;5280.3
12;60;500000.0;M;62;barbero;1920.1
12;48;700000.0;M;36;barbero;3360.2
12;24;1500000.0;M;61;barbero;14400.9
6;18;300000.0;F;26;barbero;3840.2
12;40;1000000.0;F;43;barbero;5760.4
12;12;350000.0;M;21;barbero;6720.4
12;48;1500000.0;M;5;barbero;7200.5
12;48;1000000.0;F;12;barbero;4800.3
12;24;850000.0;M;38;barbero;8160.5
10;4;70000.0;F;39;barbero;4032.3
12;20;200000.0;M;52;barbero;2304.1
12;50;390000.0;M;11;barbero;1797.2
12;50;1000000.0;M;13;barbero;4608.3
3;30;300000.0;F;71;barbero;2304.1
12;72;1000000.0;F;23;barbero;3200.2
12;48;1200000.0;F;72;barbero;5760.4
12;40;400000.0;F;14;barbero;2304.1
12;30;50000.0;M;34;barbero;384.0
12;48;1200000.0;M;18;barbero;5760.4
12;48;400000.0;M;38;barbero;1920.1
12;30;300000.0;M;14;barbero;2304.1
12;48;250000.0;M;6;barbero;1200.1
12;72;800000.0;F;53;barbero;2560.2
12;40;850000.0;F;16;barbero;4896.3
12;72;1000000.0;M;18;barbero;3200.2
12;20;900000.0;M;67;barbero;10368.7
12;40;1000000.0;F;28;barbero;5760.4
12;91;2100000.0;M;7;barbero;5317.3
10;36;650000.0;F;64;barbero;4160.3
12;60;800000.0;F;53;barbero;3072.2
12;48;60000.0;M;25;barbero;288.0
12;56;800000.0;F;64;barbero;3291.6
12;20;500000.0;M;43;barbero;5760.4
12;48;400000.0;M;41;barbero;1920.1
12;50;700000.0;M;19;barbero;3225.8
12;48;1500000.0;F;41;barbero;7200.5
12;60;800000.0;F;14;barbero;3072.2
8;20;180000.0;M;22;barbero;2073.7
12;30;500000.0;M;59;barbero;3840.2
12;48;500000.0;M;28;barbero;2400.2
12;48;1150000.0;F;26;barbero;5520.4
12;48;1000000.0;F;29;barbero;4800.3
12;60;400000.0;M;58;barbero;1536.1
12;42;1500000.0;F;8;barbero;8229.1
12;42;300000.0;M;48;barbero;1645.8
12;12;200000.0;F;20;barbero;3840.2
3;18;320000.0;F;14;barbero;4096.3
12;84;500000.0;M;42;barbero;1371.5
12;70;800000.0;F;48;barbero;2633.3
12;60;1100000.0;F;36;barbero;4224.3
12;42;1000000.0;M;12;barbero;5486.1
12;30;1200000.0;F;13;barbero;9216.6
12;30;600000.0;F;26;barbero;4608.3
10;40;800000.0;F;40;barbero;4608.3
12;35;500000.0;F;33;barbero;3291.6
12;40;2000000.0;F;45;barbero;11520.7
12;60;2000000.0;F;54;barbero;7680.5
12;30;300000.0;F;19;barbero;2304.1
12;48;300000.0;F;17;barbero;1440.1
12;40;300000.0;M;11;barbero;1728.1
12;70;300000.0;F;26;barbero;987.5
12;40;1000000.0;F;48;barbero;5760.4
12;48;1200000.0;F;55;barbero;5760.4
12;84;1200000.0;F;38;barbero;3291.6
12;48;1500000.0;M;12;barbero;7200.5
12;40;600000.0;M;27;barbero;3456.2
12;50;700000.0;M;15;barbero;3225.8
10;25;200000.0;F;57;barbero;1843.3
12;40;500000.0;M;56;barbero;2880.2
12;60;250000.0;M;66;barbero;960.1
10;60;1000000.0;F;50;barbero;3840.2
12;60;700000.0;F;25;barbero;2688.2
12;60;1000000.0;M;61;barbero;3840.2
12;70;750000.0;M;46;barbero;2468.7
9;70;700000.0;M;39;barbero;2304.1
12;60;500000.0;F;55;barbero;1920.1
12;70;2000000.0;F;47;barbero;6583.3
12;15;300000.0;F;15;barbero;4608.3
12;12;400000.0;M;26;barbero;7680.5
12;60;900000.0;M;23;barbero;3456.2
12;70;800000.0;M;69;barbero;2633.3
6;30;50000.0;F;40;barbero;384.0
12;48;1160000.0;M;62;barbero;5568.4
12;40;700000.0;M;19;barbero;4032.3
12;10;200000.0;M;34;barbero;4608.3
12;24;200000.0;F;82;barbero;1920.1
12;48;1000000.0;F;44;barbero;4800.3
12;48;400000.0;M;41;barbero;1920.1
12;48;1000000.0;M;19;barbero;4800.3
12;48;900000.0;M;11;barbero;4320.3
12;48;570000.0;F;28;barbero;2736.2
12;62;1400000.0;F;19;barbero;5202.9
12;60;1200000.0;F;31;barbero;4608.3
5;50;150000.0;M;46;barbero;691.2
5;72;2000000.0;F;25;barbero;6400.4
12;24;200000.0;F;21;barbero;1920.1
12;56;1800000.0;F;14;barbero;7406.2
12;10;300000.0;F;31;barbero;6912.4
10;54;200000.0;F;48;barbero;853.4
11;48;1100000.0;M;53;barbero;5280.3
12;50;1200000.0;M;55;barbero;5530.0
12;10;250000.0;M;9;barbero;5760.4
10;20;1000000.0;F;51;barbero;11520.7
8;54;1800000.0;F;52;barbero;7680.5
6;16;300000.0;F;58;barbero;4320.3
6;40;280000.0;M;33;barbero;1612.9
8;10;300000.0;F;18;barbero;6912.4
11;45;180000.0;M;30;barbero;921.7
12;30;300000.0;M;27;barbero;2304.1
12;38;950000.0;F;54;barbero;5760.4
12;40;900000.0;M;58;barbero;5184.3
12;48;1800000.0;F;9;barbero;8640.6
12;48;1160000.0;M;41;barbero;5568.4
12;70;400000.0;F;43;barbero;1316.7
12;56;800000.0;F;62;barbero;3291.6
4;40;500000.0;F;46;barbero;2880.2
12;48;300000.0;F;51;barbero;1440.1
12;48;1100000.0;M;41;barbero;5280.3
12;48;1300000.0;F;71;barbero;6240.4
12;24;450000.0;F;58;barbero;4320.3
12;40;450000.0;M;12;barbero;2592.2
12;49;800000.0;F;16;barbero;3761.9
12;40;480000.0;M;17;barbero;2765.0
12;48;1000000.0;F;27;barbero;4800.3
12;14;500000.0;M;30;barbero;8229.1
12;60;600000.0;M;34;barbero;2304.1
9;40;800000.0;M;38;barbero;4608.3
12;10;200000.0;M;56;barbero;4608.3
12;5;100000.0;F;27;barbero;4608.3
12;40;590000.0;F;63;barbero;3398.6
12;48;900000.0;F;22;barbero;4320.3
12;25;200000.0;M;15;barbero;1843.3
12;48;500000.0;F;62;barbero;2400.2
12;24;500000.0;M;33;barbero;4800.3
12;42;1200000.0;M;16;barbero;6583.3
12;48;700000.0;F;30;barbero;3360.2
12;40;750000.0;F;16;barbero;4320.3
12;48;700000.0;M;6;barbero;3360.2
12;60;400000.0;F;59;barbero;1536.1
12;30;150000.0;F;69;barbero;1152.1
12;40;800000.0;M;31;barbero;4608.3
12;50;400000.0;M;6;barbero;1843.3
12;42;600000.0;F;56;barbero;3291.6
12;60;450000.0;F;48;barbero;1728.1
12;38;300000.0;M;11;barbero;1819.1
12;30;250000.0;M;31;barbero;1920.1
12;48;750000.0;F;27;barbero;3600.2
12;48;700000.0;M;10;barbero;3360.2
12;40;600000.0;M;8;barbero;3456.2
12;15;500000.0;M;28;barbero;7680.5
12;60;1000000.0;M;13;barbero;3840.2
12;2;100000.0;M;33;barbero;11520.7
12;20;200000.0;F;65;barbero;2304.1
12;20;400000.0;F;59;barbero;4608.3
12;60;1700000.0;F;43;barbero;6528.4
12;48;300000.0;M;13;barbero;1440.1
12;60;900000.0;F;8;barbero;3456.2
12;16;200000.0;F;22;barbero;2880.2
12;40;550000.0;M;28;barbero;3168.2
12;30;800000.0;M;21;barbero;6144.4
12;48;1200000.0;F;10;barbero;5760.4
12;60;250000.0;F;44;barbero;960.1
12;60;800000.0;M;38;barbero;3072.2
12;30;900000.0;M;13;barbero;6912.4
12;40;800000.0;M;9;barbero;4608.3
12;40;800000.0;F;32;barbero;4608.3
12;12;150000.0;F;12;barbero;2880.2
8;10;600000.0;F;35;barbero;13824.9
12;66;600000.0;M;64;barbero;2094.7
12;40;1200000.0;F;26;barbero;6912.4
12;40;200000.0;F;17;barbero;1152.1
4;24;300000.0;F;8;barbero;2880.2
12;48;1300000.0;F;62;barbero;6240.4
12;42;280000.0;M;24;barbero;1536.1
12;40;580000.0;F;35;barbero;3341.0
12;40;200000.0;F;21;barbero;1152.1
6;48;500000.0;M;46;barbero;2400.2
12;48;1650000.0;F;51;barbero;7920.5
2;54;520000.0;M;50;barbero;2218.8
12;50;330000.0;M;18;barbero;1520.7
12;48;900000.0;F;23;barbero;4320.3
12;70;400000.0;F;40;barbero;1316.7
12;48;600000.0;M;54;barbero;2880.2
12;10;80000.0;F;45;barbero;1843.3
12;39;300000.0;M;61;barbero;1772.4
12;48;1130000.0;F;25;barbero;5424.3
12;35;900000.0;F;35;barbero;5925.0
12;70;300000.0;F;20;barbero;987.5
12;48;1160000.0;F;36;barbero;5568.4
12;48;600000.0;M;55;barbero;2880.2
10;30;220000.0;F;26;barbero;1689.7
12;40;300000.0;F;31;barbero;1728.1
10;48;1000000.0;F;25;barbero;4800.3
12;48;1000000.0;F;66;barbero;4800.3
12;60;1200000.0;F;50;barbero;4608.3
12;50;1500000.0;M;60;barbero;6912.4
12;48;750000.0;M;7;barbero;3600.2
12;72;900000.0;M;41;barbero;2880.2
4;60;400000.0;M;43;barbero;1536.1
12;60;1160000.0;F;74;barbero;4454.7
12;48;900000.0;F;49;barbero;4320.3
12;30;250000.0;F;62;barbero;1920.1
12;48;500000.0;M;68;barbero;2400.2
12;48;450000.0;F;70;barbero;2160.1
12;20;400000.0;F;46;barbero;4608.3
12;40;600000.0;F;20;barbero;3456.2
12;70;800000.0;M;74;barbero;2633.3
12;48;800000.0;M;17;barbero;3840.2
3;42;150000.0;M;12;barbero;822.9
12;40;1000000.0;F;17;barbero;5760.4
12;48;1000000.0;M;36;barbero;4800.3
12;48;800000.0;F;73;barbero;3840.2
12;12;350000.0;F;30;barbero;6720.4
12;40;600000.0;F;43;barbero;3456.2
12;5;300000.0;F;9;barbero;13824.9
1;45;780000.0;F;21;barbero;3993.9
12;40;1300000.0;F;24;barbero;7488.5
12;72;1500000.0;M;8;barbero;4800.3
12;50;1300000.0;M;78;barbero;5990.8
12;22;1500000.0;M;35;barbero;15710.1
12;40;250000.0;M;57;barbero;1440.1
6;48;1250000.0;M;8;barbero;6000.4
12;15;260000.0;F;28;barbero;3993.9
12;48;400000.0;M;57;barbero;1920.1
12;60;3000000.0;M;63;barbero;11520.7
12;20;1160000.0;M;50;barbero;13364.1
12;42;600000.0;M;75;basurero;3291.6
12;50;1100000.0;F;37;basurero;5069.1
12;70;400000.0;M;16;basurero;1316.7
1;48;60000.0;M;13;basurero;288.0
12;9;1160000.0;F;16;basurero;29697.9
12;48;1160000.0;F;13;basurero;5568.4
12;72;1200000.0;F;8;basurero;3840.2
12;21;120000.0;M;35;basurero;1316.7
12;60;200000.0;M;59;basurero;768.0
12;60;200000.0;M;20;basurero;768.0
9;35;250000.0;M;41;basurero;1645.8
12;38;700000.0;M;54;basurero;4244.5
12;40;600000.0;F;52;basurero;3456.2
12;48;600000.0;F;37;basurero;2880.2
12;48;1160000.0;M;25;basurero;5568.4
12;84;400000.0;F;10;basurero;1097.2
12;84;70000.0;F;7;basurero;192.0
12;60;90000.0;M;40;basurero;345.6
12;84;90000.0;F;43;basurero;246.9
12;36;100000.0;F;43;basurero;640.0
12;48;1400000.0;F;72;basurero;6720.4
12;48;250000.0;M;53;basurero;1200.1
12;56;50000.0;F;35;basurero;205.7
12;30;240000.0;F;56;basurero;1843.3
10;48;1000000.0;F;88;basurero;4800.3
12;12;140000.0;F;29;basurero;2688.2
12;50;275000.0;M;7;basurero;1267.3
12;30;600000.0;M;13;basurero;4608.3
12;40;300000.0;F;7;basurero;1728.1
12;40;250000.0;F;82;basurero;1440.1
12;15;100000.0;M;35;basurero;1536.1
12;48;400000.0;M;20;basurero;1920.1
12;48;1000000.0;F;28;basurero;4800.3
12;84;420000.0;M;56;basurero;1152.1
12;84;420000.0;F;24;basurero;1152.1
12;98;420000.0;M;31;basurero;987.5
6;40;120000.0;M;38;basurero;691.2
12;42;100000.0;F;52;basurero;548.6
12;40;200000.0;M;34;basurero;1152.1
6;20;300000.0;M;28;basurero;3456.2
12;30;350000.0;F;24;basurero;2688.2
12;40;500000.0;F;5;basurero;2880.2
12;30;500000.0;M;66;basurero;3840.2
12;35;600000.0;F;48;basurero;3950.0
12;42;300000.0;F;56;basurero;1645.8
8;24;70000.0;M;65;basurero;672.0
12;36;1000000.0;M;38;basurero;6400.4
12;48;500000.0;M;47;basurero;2400.2
12;40;480000.0;M;23;basurero;2765.0
12;20;80000.0;F;11;basurero;921.7
12;40;200000.0;F;31;basurero;1152.1
12;48;900000.0;F;39;basurero;4320.3
12;48;1160000.0;F;39;basurero;5568.4
8;30;180000.0;F;18;basurero;1382.5
12;30;200000.0;F;32;basurero;1536.1
12;30;100000.0;F;33;basurero;768.0
12;48;11000000.0;M;22;basurero;52803.4
12;48;700000.0;M;44;basurero;3360.2
12;48;1160000.0;F;52;basurero;5568.4
12;48;1160000.0;M;7;basurero;5568.4
12;36;400000.0;F;39;basurero;2560.2
12;30;2900000.0;F;14;basurero;22273.4
12;48;150000.0;M;8;basurero;720.0
12;48;500000.0;F;37;basurero;2400.2
12;30;500000.0;M;65;basurero;3840.2
12;20;100000.0;F;70;basurero;1152.1
12;42;800000.0;F;22;basurero;4388.9
12;7;150000.0;F;60;basurero;4937.5
12;20;80000.0;F;34;basurero;921.7
12;30;250000.0;M;36;basurero;1920.1
12;56;550000.0;F;9;basurero;2263.0
8;30;200000.0;F;68;basurero;1536.1
12;25;300000.0;F;19;basurero;2765.0
12;50;1300000.0;F;44;basurero;5990.8
12;50;1000000.0;F;44;basurero;4608.3
12;48;200000.0;M;52;basurero;960.1
12;72;1200000.0;F;19;basurero;3840.2
12;50;100000.0;M;11;basurero;460.8
2;48;700000.0;F;63;basurero;3360.2
12;72;300000.0;F;36;basurero;960.1
12;48;250000.0;F;7;basurero;1200.1
12;40;480000.0;M;34;basurero;2765.0
6;40;100000.0;F;20;basurero;576.0
12;48;700000.0;F;6;basurero;3360.2
12;49;600000.0;F;31;basurero;2821.4
12;35;300000.0;F;64;basurero;1975.0
12;70;200000.0;F;63;basurero;658.3
12;48;1160000.0;F;74;basurero;5568.4
12;20;100000.0;F;41;basurero;1152.1
12;54;600000.0;M;28;basurero;2560.2
12;40;550000.0;F;18;basurero;3168.2
12;28;350000.0;M;38;basurero;2880.2
12;12;205000.0;M;36;basurero;3936.3
12;40;200000.0;F;18;basurero;1152.1
12;48;1160000.0;M;66;basurero;5568.4
12;60;400000.0;M;26;basurero;1536.1
12;48;600000.0;M;48;basurero;2880.2
12;5;50000.0;M;37;basurero;2304.1
12;40;800000.0;F;73;basurero;4608.3
12;40;700000.0;F;71;basurero;4032.3
12;40;700000.0;M;10;basurero;4032.3
12;52;800000.0;M;43;basurero;3544.8
12;40;600000.0;F;24;basurero;3456.2
12;48;1500000.0;M;66;basurero;7200.5
12;48;1200000.0;F;32;basurero;5760.4
7;20;800000.0;F;43;basurero;9216.6
12;27;200000.0;M;58;basurero;1706.8
12;30;120000.0;F;62;basurero;921.7
12;25;150000.0;F;15;basurero;1382.5
12;40;150000.0;M;89;basurero;864.1
10;40;100000.0;F;70;basurero;576.0
12;48;250000.0;F;59;basurero;1200.1
12;48;200000.0;F;82;basurero;960.1
12;48;650000.0;M;63;basurero;3120.2
12;36;450000.0;F;59;basurero;2880.2
12;48;400000.0;F;33;basurero;1920.1
12;3;30000.0;M;38;basurero;2304.1
12;54;200000.0;F;62;basurero;853.4
12;35;700000.0;M;31;basurero;4608.3
12;40;900000.0;F;68;basurero;5184.3
12;42;750000.0;M;63;basurero;4114.5
12;12;80000.0;M;46;basurero;1536.1
12;35;500000.0;M;21;basurero;3291.6
12;48;1160000.0;M;36;basurero;5568.4
12;30;250000.0;F;30;basurero;1920.1
12;45;700000.0;M;23;basurero;3584.2
12;10;80000.0;F;51;basurero;1843.3
12;10;50000.0;F;40;basurero;1152.1
12;40;400000.0;M;57;basurero;2304.1
12;50;700000.0;M;53;basurero;3225.8
12;20;70000.0;F;59;basurero;806.5
12;15;70000.0;M;66;basurero;1075.3
12;20;90000.0;M;54;basurero;1036.9
12;40;200000.0;F;21;basurero;1152.1
12;55;300000.0;M;36;basurero;1256.8
12;40;300000.0;M;28;basurero;1728.1
12;12;80000.0;M;27;basurero;1536.1
3;20;150000.0;M;19;basurero;1728.1
12;40;800000.0;M;22;basurero;4608.3
12;48;400000.0;M;10;basurero;1920.1
12;40;450000.0;M;9;basurero;2592.2
12;40;450000.0;F;55;basurero;2592.2
9;48;1360000.0;F;39;basurero;6528.4
12;60;500000.0;M;21;basurero;1920.1
12;60;300000.0;M;78;basurero;1152.1
11;60;200000.0;M;54;basurero;768.0
12;20;200000.0;M;25;basurero;2304.1
12;40;300000.0;M;21;basurero;1728.1
12;60;580000.0;M;48;basurero;2227.3
12;60;700000.0;F;23;basurero;2688.2
12;65;900000.0;F;69;basurero;3190.4
12;30;250000.0;F;59;basurero;1920.1
12;40;120000.0;M;66;basurero;691.2
12;48;1300000.0;F;69;basurero;6240.4
12;32;150000.0;F;46;basurero;1080.1
12;48;600000.0;M;57;basurero;2880.2
12;35;800000.0;F;51;basurero;5266.6
12;48;400000.0;M;27;basurero;1920.1
1;25;350000.0;M;55;basurero;3225.8
12;42;80000.0;F;28;basurero;438.9
12;28;80000.0;F;22;basurero;658.3
12;36;300000.0;F;8;basurero;1920.1
12;50;200000.0;M;59;basurero;921.7
12;40;250000.0;F;31;basurero;1440.1
12;48;1000000.0;F;13;secretario;4800.3
11;45;1160000.0;M;15;secretario;5939.6
12;40;2200000.0;F;34;secretario;12672.8
12;48;4900000.0;M;26;secretario;23521.5
12;30;1100000.0;F;33;secretario;8448.5
12;48;1160000.0;F;38;secretario;5568.4
12;40;1600000.0;M;37;secretario;9216.6
12;48;1650000.0;F;46;secretario;7920.5
12;48;1160000.0;F;68;secretario;5568.4
12;48;1500000.0;F;17;secretario;7200.5
12;48;2000000.0;M;77;secretario;9600.6
12;48;2000000.0;F;37;secretario;9600.6
12;48;1200000.0;F;53;secretario;5760.4
12;48;1160000.0;M;24;secretario;5568.4
11;40;3000000.0;M;24;secretario;17281.1
12;48;1000000.0;M;73;secretario;4800.3
12;48;1117172.0;F;38;secretario;5362.8
12;48;1300000.0;M;21;secretario;6240.4
12;48;1160000.0;M;66;secretario;5568.4
12;48;1160000.0;M;14;secretario;5568.4
6;48;1000000.0;M;57;secretario;4800.3
7;40;1700000.0;F;22;secretario;9792.6
12;40;1360000.0;M;58;secretario;7834.1
12;48;1200000.0;M;18;secretario;5760.4
12;40;1450000.0;M;6;secretario;8352.5
10;44;1300000.0;M;41;secretario;6807.7
10;35;1200000.0;F;33;secretario;7899.9
12;48;1300000.0;F;65;secretario;6240.4
12;48;1160000.0;M;38;secretario;5568.4
12;48;2800000.0;F;42;secretario;13440.9
12;60;6200000.0;M;44;secretario;23809.5
12;48;1160000.0;M;75;secretario;5568.4
11;48;1160000.0;F;37;secretario;5568.4
12;48;1160000.0;F;24;secretario;5568.4
12;48;1200000.0;M;26;secretario;5760.4
12;40;2200000.0;F;18;secretario;12672.8
12;48;1300000.0;M;45;secretario;6240.4
2;45;600000.0;F;51;secretario;3072.2
12;48;1160000.0;M;45;secretario;5568.4
2;48;1160000.0;F;23;secretario;5568.4
12;48;1160000.0;F;33;secretario;5568.4
10;48;3000000.0;F;7;secretario;14400.9
12;48;4500000.0;M;12;secretario;21601.4
12;48;3600000.0;F;18;secretario;17281.1
12;48;1540000.0;M;17;secretario;7392.5
12;40;1160000.0;M;43;secretario;6682.0
12;48;1900000.0;M;57;secretario;9120.6
12;40;1800000.0;M;73;secretario;10368.7
12;48;4200000.0;M;27;secretario;20161.3
12;48;1160000.0;M;57;secretario;5568.4
10;48;1160000.0;M;7;secretario;5568.4
12;48;1800000.0;F;28;secretario;8640.6
12;48;1500000.0;F;43;secretario;7200.5
12;45;2200000.0;M;56;secretario;11264.7
12;48;1160000.0;F;75;secretario;5568.4
12;48;1160000.0;F;37;secretario;5568.4
12;70;1835072.0;F;39;secretario;6040.4
12;48;1640000.0;M;15;secretario;7872.5
12;48;1650000.0;F;69;secretario;7920.5
12;32;781000.0;M;62;secretario;5623.6
10;48;1500000.0;M;40;secretario;7200.5
12;48;1700000.0;F;50;secretario;8160.5
12;48;1200000.0;M;49;secretario;5760.4
12;48;1700000.0;F;32;secretario;8160.5
12;48;2000000.0;F;38;secretario;9600.6
12;48;1600000.0;F;18;secretario;7680.5
12;49;1800000.0;M;60;secretario;8464.2
12;48;1640000.0;M;55;secretario;7872.5
12;40;2300000.0;M;49;secretario;13248.8
12;48;3000000.0;F;59;secretario;14400.9
12;48;1160000.0;M;23;secretario;5568.4
12;48;1500000.0;F;46;secretario;7200.5
12;40;1500000.0;F;52;secretario;8640.6
12;40;1300000.0;F;48;secretario;7488.5
12;48;2500000.0;F;19;secretario;12000.8
12;30;800000.0;F;45;secretario;6144.4
6;48;1200000.0;F;41;secretario;5760.4
12;40;1160000.0;M;45;secretario;6682.0
12;40;900000.0;F;20;secretario;5184.3
12;48;6900000.0;M;16;secretario;33122.1
12;40;2600000.0;F;58;secretario;14977.0
12;40;2700000.0;F;65;secretario;15553.0
12;55;1500000.0;M;62;secretario;6284.0
12;48;1700000.0;M;38;secretario;8160.5
12;40;6000000.0;M;31;secretario;34562.2
12;48;1160000.0;F;58;secretario;5568.4
11;40;1560000.0;F;41;secretario;8986.2
12;48;3500000.0;F;30;secretario;16801.1
12;48;1400000.0;F;43;secretario;6720.4
12;40;900000.0;M;51;secretario;5184.3
12;40;2300000.0;M;81;secretario;13248.8
12;48;1250000.0;F;68;secretario;6000.4
12;48;1300000.0;M;69;secretario;6240.4
12;48;1160000.0;F;76;secretario;5568.4
12;48;1200000.0;M;40;secretario;5760.4
12;40;1200000.0;M;41;secretario;6912.4
12;44;2900000.0;F;64;secretario;15186.4
6;48;580000.0;M;96;secretario;2784.2
12;48;3200000.0;M;20;secretario;15361.0
12;48;1350000.0;M;49;secretario;6480.4
12;48;1200000.0;M;19;secretario;5760.4
12;48;1160000.0;F;51;secretario;5568.4
12;48;1300000.0;F;44;secretario;6240.4
9;40;800000.0;F;18;secretario;4608.3
12;48;1000000.0;F;36;secretario;4800.3
12;40;1300000.0;M;16;secretario;7488.5
12;40;1700000.0;M;27;secretario;9792.6
12;44;1160000.0;F;74;secretario;6074.6
11;48;1160000.0;M;34;secretario;5568.4
11;48;1160000.0;F;24;secretario;5568.4
12;40;2200000.0;M;31;secretario;12672.8
12;48;1700000.0;F;50;secretario;8160.5
12;40;2000000.0;M;27;secretario;11520.7
2;48;800000.0;M;42;secretario;3840.2
6;48;1160000.0;F;78;secretario;5568.4
12;48;2000000.0;F;14;secretario;9600.6
12;48;900000.0;F;31;secretario;4320.3
3;48;1160000.0;F;64;secretario;5568.4
12;40;2000000.0;M;42;secretario;11520.7
12;48;1600000.0;F;70;secretario;7680.5
12;48;1160000.0;M;74;secretario;5568.4
12;48;1960000.0;M;66;secretario;9408.6
12;48;1200000.0;M;86;secretario;5760.4
12;48;1160000.0;M;41;secretario;5568.4
12;48;2600000.0;F;44;secretario;12480.8
11;48;1300000.0;M;67;secretario;6240.4
12;40;2500000.0;F;62;secretario;14400.9
12;48;2800000.0;M;57;secretario;13440.9
11;40;1250000.0;F;33;secretario;7200.5
12;48;700000.0;M;51;secretario;3360.2
12;48;1160000.0;F;82;secretario;5568.4
12;48;1200000.0;F;62;secretario;5760.4
12;48;1700000.0;F;95;secretario;8160.5
5;48;1300606.0;F;23;secretario;6243.3
7;48;1160000.0;M;7;secretario;5568.4
12;40;2400000.0;F;20;secretario;13824.9
12;48;1160000.0;F;51;secretario;5568.4
12;48;1160000.0;M;78;secretario;5568.4
12;40;2000000.0;M;62;secretario;11520.7
12;45;3000000.0;M;18;secretario;15361.0
12;35;1560000.0;M;8;secretario;10269.9
12;48;3000000.0;F;87;secretario;14400.9
12;48;1350000.0;M;81;secretario;6480.4
12;48;1160000.0;F;28;secretario;5568.4
12;48;1600000.0;M;36;secretario;7680.5
12;24;638000.0;M;30;secretario;6125.2
1;48;2900000.0;M;27;secretario;13920.9
12;48;1500000.0;F;12;secretario;7200.5
12;48;1300000.0;F;37;secretario;6240.4
12;48;800000.0;F;40;secretario;3840.2
12;40;2360000.0;M;19;secretario;13594.5
12;48;1160000.0;F;9;secretario;5568.4
12;48;1160000.0;F;30;secretario;5568.4
12;40;1160000.0;F;15;secretario;6682.0
12;48;1000000.0;F;32;secretario;4800.3
8;48;1160000.0;M;33;secretario;5568.4
12;48;3700000.0;F;8;secretario;17761.1
12;40;4000000.0;F;20;secretario;23041.5
12;48;2000000.0;F;13;secretario;9600.6
12;45;1400000.0;M;27;secretario;7168.5
4;48;1160000.0;M;81;secretario;5568.4
12;40;2500000.0;M;40;secretario;14400.9
10;48;1160000.0;F;51;secretario;5568.4
12;48;1400000.0;M;66;secretario;6720.4
12;50;1800000.0;F;47;secretario;8294.9
12;48;1700000.0;F;40;secretario;8160.5
12;48;1300000.0;F;27;secretario;6240.4
12;48;1160000.0;F;42;secretario;5568.4
12;40;1400000.0;F;56;secretario;8064.5
12;48;1300000.0;M;53;secretario;6240.4
11;48;1160000.0;M;9;secretario;5568.4
12;40;2100000.0;F;32;secretario;12096.8
2;24;600000.0;M;55;secretario;5760.4
12;48;1160000.0;M;43;secretario;5568.4
12;48;1600000.0;F;61;secretario;7680.5
12;48;1160000.0;F;45;secretario;5568.4
12;48;1160000.0;F;35;secretario;5568.4
12;48;1160000.0;F;24;secretario;5568.4
5;46;1700000.0;F;48;secretario;8515.3
12;48;1160000.0;F;42;secretario;5568.4
12;48;1160000.0;F;19;secretario;5568.4
12;48;2300000.0;M;57;secretario;11040.7
12;55;1500000.0;M;44;secretario;6284.0
11;48;1160000.0;M;12;secretario;5568.4
1;48;1200000.0;F;12;secretario;5760.4
12;48;1300000.0;M;40;secretario;6240.4
12;40;1200000.0;F;53;secretario;6912.4
12;48;1160000.0;M;58;secretario;5568.4
12;48;1000000.0;M;13;secretario;4800.3
2;40;800000.0;F;51;secretario;4608.3
12;40;1160000.0;M;67;secretario;6682.0
12;48;1200000.0;M;56;secretario;5760.4
12;40;1300000.0;M;44;conserje;7488.5
12;48;1200000.0;F;59;conserje;5760.4
12;48;1160000.0;M;13;conserje;5568.4
8;70;300000.0;M;12;conserje;987.5
12;60;1100000.0;M;38;abad;4224.3
12;50;3600000.0;F;80;abad;16589.9
12;60;4000000.0;F;11;abad;15361.0
5;24;400000.0;M;57;abad;3840.2
12;48;1300000.0;M;13;abad;6240.4
12;56;1000000.0;F;20;abad;4114.5
12;70;1500000.0;F;57;abad;4937.5
12;48;3000000.0;M;39;abad;14400.9
12;40;1160000.0;M;54;abad;6682.0
12;40;700000.0;F;11;abad;4032.3
12;46;4000000.0;M;46;abad;20036.1
12;28;850000.0;F;72;abad;6994.7
12;30;450000.0;F;42;abad;3456.2
12;50;1500000.0;F;54;abad;6912.4
12;50;1500000.0;F;31;abad;6912.4
12;48;3800000.0;F;42;abad;18241.2
12;48;2560000.0;M;27;abad;12288.8
12;60;2700000.0;M;6;abad;10368.7
12;40;800000.0;F;41;abad;4608.3
12;60;1000000.0;F;36;abad;3840.2
12;48;1300000.0;F;15;abad;6240.4
12;48;3000000.0;F;60;abad;14400.9
12;48;1500000.0;M;27;abad;7200.5
12;100;2900000.0;F;21;abad;6682.0
12;5;200000.0;M;67;abad;9216.6
12;48;1300000.0;F;68;abad;6240.4
12;50;5000000.0;F;75;apuntador;23041.5
12;48;1000000.0;M;21;apuntador;4800.3
12;20;500000.0;F;30;apuntador;5760.4
12;15;800000.0;F;49;apuntador;12288.8
6;30;800000.0;F;14;apuntador;6144.4
12;40;1300000.0;F;28;apuntador;7488.5
12;54;400000.0;F;32;apuntador;1706.8
12;48;600000.0;F;21;apuntador;2880.2
12;30;700000.0;F;29;apuntador;5376.3
12;30;200000.0;F;11;apuntador;1536.1
12;20;300000.0;M;10;apuntador;3456.2
12;60;3000000.0;F;13;cantero;11520.7
12;84;3500000.0;F;36;cantero;9600.6
12;48;600000.0;M;62;cantero;2880.2
12;48;500000.0;F;62;cantero;2400.2
12;48;500000.0;M;69;cantero;2400.2
12;48;720000.0;F;29;cantero;3456.2
12;48;800000.0;F;54;cantero;3840.2
12;24;90000.0;F;6;cantero;864.1
12;60;1500000.0;F;13;cantero;5760.4
12;48;100000.0;M;35;cantero;480.0
12;48;3500000.0;F;79;cantero;16801.1
12;24;;M;67;cantero;
12;48;1160000.0;M;6;cantero;5568.4
12;40;1400000.0;F;71;cantero;8064.5
12;55;500000.0;M;24;cantero;2094.7
12;42;1500000.0;F;49;cantero;8229.1
2;15;200000.0;F;85;cantero;3072.2
12;60;700000.0;F;78;cantero;2688.2
12;40;800000.0;F;69;cantero;4608.3
12;18;240000.0;F;44;cantero;3072.2
12;48;600000.0;F;18;cantero;2880.2
12;48;1400000.0;M;28;cantero;6720.4
12;12;400000.0;F;44;cantero;7680.5
12;60;240000.0;M;61;cantero;921.7
12;60;180000.0;F;56;cantero;691.2
12;40;1200000.0;F;69;cantero;6912.4
12;48;1160000.0;M;35;cantero;5568.4
10;37;600000.0;M;44;cantero;3736.5
12;60;1200000.0;M;47;cantero;4608.3
12;30;100000.0;F;75;cantero;768.0
12;48;800000.0;M;19;cantero;3840.2
12;48;1000000.0;F;11;cantero;4800.3
12;60;700000.0;F;43;cantero;2688.2
12;60;2500000.0;F;23;cantero;9600.6
5;60;2000000.0;M;25;cantero;7680.5
12;30;400000.0;M;6;cantero;3072.2
12;40;1300000.0;M;51;alcalde;7488.5
12;40;1800000.0;F;36;alcalde;10368.7
12;14;3185000.0;M;35;alcalde;52419.4
12;48;10000000.0;F;6;alcalde;48003.1
6;48;9000000.0;F;75;alcalde;43202.8
12;40;7000000.0;F;51;alcalde;40322.6
12;30;7350000.0;F;19;alcalde;56451.6
12;10;900000.0;M;36;alcalde;20737.3
12;40;1500000.0;F;21;alcalde;8640.6
12;40;10000000.0;F;27;alcalde;57603.7
12;60;8000000.0;F;16;alcalde;30722.0
12;48;2500000.0;M;61;salvavidas;12000.8
12;48;2200000.0;F;38;salvavidas;10560.7
12;40;1200000.0;M;50;salvavidas;6912.4
7;48;1500000.0;F;27;salvavidas;7200.5
11;48;1400000.0;M;79;salvavidas;6720.4
12;48;1740000.0;M;70;salvavidas;8352.5
12;56;1164000.0;F;17;salvavidas;4789.3
12;40;1500000.0;M;33;actor;8640.6
12;84;1800000.0;F;25;actor;4937.5
12;30;1000000.0;F;39;actor;7680.5
12;62;1000000.0;F;7;actor;3716.4
12;48;8800000.0;F;36;ambientalista;42242.7
11;40;2760000.0;M;60;ambientalista;15898.6
5;48;4200000.0;M;10;ambientalista;20161.3
12;40;4000000.0;F;61;ambientalista;23041.5
12;48;2350000.0;M;55;ambientalista;11280.7
12;48;1624000.0;M;51;ambientalista;7795.7
12;10;650000.0;F;70;ambientalista;14977.0
12;48;10000000.0;F;7;ambientalista;48003.1
12;48;4250000.0;M;32;ambientalista;20401.3
12;48;4300000.0;M;65;ambientalista;20641.3
12;60;6000000.0;M;41;ambientalista;23041.5
12;48;4200000.0;F;53;ambientalista;20161.3
12;48;7000000.0;M;12;ajedrecista;33602.2
3;48;40000000.0;F;31;ajedrecista;192012.3
12;48;500000.0;F;50;aparejador;2400.2
10;48;1160000.0;F;62;aparejador;5568.4
12;48;1160000.0;M;38;aparejador;5568.4
12;48;1160000.0;M;55;aparejador;5568.4
12;48;1160000.0;M;13;aparejador;5568.4
12;20;470000.0;F;73;aparejador;5414.7
12;48;900000.0;F;46;aparejador;4320.3
12;42;1500000.0;M;8;aparejador;8229.1
8;30;300000.0;F;48;aparejador;2304.1
12;48;2600000.0;F;74;aparejador;12480.8
